mass,log_mass,year,reclat,reclong,fall,recclass
2750.0,7.919356190660617,1818,55.0,35.0,Fell,L4
30000.0,10.308952660644293,1975,21.66667,-103.36667,Fell,LL5
6400.0,8.764053269347762,1790,43.95,-0.05,Fell,H5
3840.0,8.253227645581772,1903,23.5,90.33333,Fell,H5
4500.0,8.411832675758411,1910,31.61667,76.8,Fell,L6
7000.0,8.85366542803745,1933,48.6,45.66667,Fell,"Iron, IIF"
5000.0,8.517193191416238,1819,45.43333,-0.45,Fell,Eucrite-mmict
32000.0,10.373491181781864,1899,42.53333,-85.88333,Fell,H5
465.5,6.143112096717122,1976,-1.45,29.83333,Fell,L6
779.0,6.658011045870748,1949,29.51667,35.05,Fell,L6
1710.5,7.444541004417659,1916,25.93333,84.28333,Fell,L/LL6
14000.0,9.546812608597396,1914,43.73333,1.38333,Fell,EH5
5000.0,8.517193191416238,1890,42.53333,12.61667,Fell,H5
100.0,4.605170185988092,1916,24.16667,87.76667,Fell,LL
1000.0,6.907755278982137,1841,51.93333,15.5,Fell,H4
350.0,5.857933154483459,1971,41.7,-72.65,Fell,L6
1100000.0,13.9108207377686,1998,42.25,59.2,Fell,H5
100.0,4.605170185988092,1867,28.01667,75.81667,Fell,H6
2450.0,7.803843303538772,1970,9.5,35.33333,Fell,L6
4000.0,8.294049640102028,1973,-26.15,26.18333,Fell,H6
3200.0,8.070906088787819,1898,44.61667,-70.75,Fell,L6
246.0,5.5053315359323625,1858,51.83333,26.83333,Fell,Howardite
1415.0,7.254884810077338,1923,9.06667,38.41667,Fell,Stone-uncl
17000.0,9.740968623038354,2003,24.3,-13.1,Fell,H3-5
219.0,5.389071729816501,1933,52.13333,59.31667,Fell,Eucrite-pmict
25000.0,10.126631103850338,1999,12.45,-0.08333,Fell,Diogenite
1460.0,7.286191714702382,1917,10.2,76.26667,Fell,L6
45000.0,10.714417768752456,1902,61.5,30.5,Fell,"Pallasite, PMG"
61.4,4.117409835153096,1981,44.97917,-122.96944,Fell,L6
78.4,4.361823927356363,1936,35.95,-97.58333,Fell,CM2
14000.0,9.546812608597396,1753,46.21667,5.0,Fell,H3-5
5000.0,8.517193191416238,1993,19.96722,-103.05167,Fell,L6
750.0,6.620073206530356,1934,-30.88333,-64.55,Fell,H6
1600.0,7.3777589082278725,2010,26.46469,106.63241,Fell,H5
668.0,6.504288173536645,1903,35.03333,-83.03333,Fell,L6
9000.0,9.104979856318357,1964,42.9,2.25,Fell,L6
27000.0,10.203592144986466,1891,39.75,46.66667,Fell,EH4
800.0,6.684611727667927,1996,36.06333,140.145,Fell,H5-6
18000.0,9.798127036878302,1981,35.61667,8.83333,Fell,LL6
54000.0,10.896739325546411,1880,35.33333,51.63333,Fell,Mesosiderite-B2
3000.0,8.006367567650246,1845,47.16667,0.43333,Fell,H5
611.0,6.415096959171596,1916,36.75,-93.5,Fell,L6
51.7,3.9454577815143836,2003,-72.98222,75.26583,Found,H5
60.3,4.09933210373314,2009,0.0,0.0,Found,LL6
34.2,3.5322256440685598,2009,19.43198,55.36335,Found,L6
311.0,5.739792912179234,1991,27.50361,3.67306,Found,H4/5
2284.0,7.7336835707759,1980,35.925,-101.895,Found,H6
5.05,1.6193882432872684,1998,0.0,0.0,Found,L3
32.42,3.4787755163075302,1988,-72.0,26.0,Found,L5
8680.0,9.068776807654396,1998,50.76278,22.86611,Found,Enst achon-ung
0.44,-0.8209805520698302,1979,-71.5,35.66667,Found,E3
221.6,5.400873954873129,2009,0.0,0.0,Found,H6
0.52,-0.6539264674066639,2003,-72.7753,75.3364,Found,L5
100.33,4.608464752937522,1979,-71.5,35.66667,Found,H4
43.0,3.7612001156935624,1997,-84.0,168.0,Found,LL5
132.45,4.886205215718078,2000,-79.68333,155.75,Found,L5
128.8,4.858260813670253,1993,-84.0,168.0,Found,L5
45.7,3.822098297900159,1987,-76.28343,156.44407,Found,L6
84.7,4.439115601658009,1979,-71.5,35.66667,Found,Eucrite
2.4,0.8754687373538999,2001,-72.99361,160.41389,Found,H3
11.7,2.4595888418037104,1997,-84.0,168.0,Found,LL5
700.5,6.551794365777062,2000,-79.68333,159.75,Found,H5
4.3,1.4586150226995167,2009,0.0,0.0,Found,LL6
11.53,2.4449523342809676,1979,-71.5,35.66667,Found,LL6
88.22,4.479833694676794,1987,-72.0,26.0,Found,H5
1.27,0.23901690047049992,2002,-84.21667,160.5,Found,CM2
12.83,2.551786178627545,2003,-72.94917,75.2925,Found,L5
3.0,1.0986122886681098,1991,-85.67746,-69.04883,Found,H5
1214.0,7.101675971619444,1995,27.10383,16.30867,Found,LL6
0.67,-0.40047756659712525,2003,-72.98389,75.24639,Found,L6
16220.0,9.694000327669404,1873,33.5,-85.66667,Found,"Iron, IIIAB"
0.7,-0.35667494393873245,1999,-72.99611,160.42556,Found,H4
62.15,4.12955081795672,1990,-72.0,26.0,Found,H4
80.8,4.39197696552705,1983,-76.30972,157.31333,Found,H5
69.3,4.238444906195857,1990,-76.27602,156.40294,Found,L6
176.0,5.170483995038151,2001,18.74047,54.19965,Found,H5
13.7,2.617395832834079,1986,-84.25751,161.36679,Found,H5
29.1,3.370738174177447,2002,-84.0,168.0,Found,H5
10.85,2.3841650799864684,2005,-30.16028,126.34833,Found,H5
0.82,-0.19845093872383832,2003,-72.782778,75.278333,Found,L6
1.82,0.598836501088704,1986,-71.5,35.66667,Found,L6
9.9,2.2925347571405443,1991,-85.65606,-68.48118,Found,H5
50.7,3.9259259105971376,2010,0.0,0.0,Found,LL6
54.14,3.9915732841861553,2003,-72.93639,75.31417,Found,H5
276.0,5.62040086571715,2004,19.3695,54.53817,Found,L5
204.01,5.318169012250638,2000,27.8985,15.86367,Found,L6
1.86,0.62057648772511,1979,-71.5,35.66667,Found,E3
24.58,3.201933104137889,1998,0.0,0.0,Found,L6
653.4,6.48218949916697,2002,-86.36667,-70.0,Found,LL5
702.1,6.554075844023203,1998,-86.71667,-141.5,Found,H6
28.7,3.3568971227655755,1978,-76.26667,159.25,Found,H5
11800.0,9.375854810453756,2008,0.0,0.0,Found,L6
30.3,3.4111477125153233,1978,-76.71667,159.66667,Found,Ureilite
47.3,3.856510295497887,1986,-84.25934,161.3914,Found,H5
35.4,3.5667118201397288,1988,-84.27532,161.35901,Found,L6
20.7,3.0301337002713233,1996,-76.18333,157.16667,Found,L6
392.0,5.971261839790462,2008,0.0,0.0,Found,Eucrite
16.17,2.783157673589016,1986,-71.5,35.66667,Found,CM2
13.6,2.6100697927420065,2007,0.0,0.0,Found,CM2
520.0,6.253828811575473,2011,0.0,0.0,Found,L6
114.0,4.736198448394496,1974,-71.81667,36.46389,Found,H5
30.3,3.4111477125153233,1990,-76.28214,156.47376,Found,L6
13.03,2.567254391136754,2003,-72.78167,75.30389,Found,L5
236.0,5.4638318050256105,2000,19.30133,54.82367,Found,L6
9.16,2.214846178686039,1994,-71.54694,35.40194,Found,H4
148.8,5.002603122398992,2008,0.0,0.0,Found,LL5
10.11,2.3135250330323798,2002,-84.21667,160.5,Found,CM2
230.9,5.44198471636045,1982,-85.16514,-94.63074,Found,H5
672.4,6.510853401534461,1978,-76.71667,159.66667,Found,L6
1.7,0.5306282510621704,1986,-84.25705,161.4721,Found,H5
1103.15,7.005925002754381,1987,-72.0,26.0,Found,H4
985.0,6.892641641172089,1999,19.14217,54.78683,Found,H4
8.4,2.128231705849268,1984,-76.75646,158.91429,Found,EH3
30.0,3.4011973816621555,2008,0.0,0.0,Found,LL6
33.5,3.5115454388310208,1990,-76.27045,156.40788,Found,L6
8.0,2.0794415416798357,1997,-84.0,168.0,Found,LL5
27.9,3.32862668882732,1985,-84.26719,161.40263,Found,H6
188.2,5.23750522715128,2007,0.0,0.0,Found,H4
433.0,6.07073772800249,1990,27.46667,3.71667,Found,LL3.8-6
20.5,3.0204248861443626,1997,-72.95222,160.51778,Found,H6
10.17,2.3194422100604686,2003,-72.95275,160.49833,Found,H5
8.5,2.1400661634962708,2010,0.0,0.0,Found,H6
723.8,6.584515111129642,1993,-84.61319,162.38976,Found,H5
558.6,6.325433653511077,2003,-72.98444,75.225,Found,L6
15.88,2.7650604558189897,1974,-71.5,35.66667,Found,H4
0.76,-0.2744368457017603,1986,-71.5,35.66667,Found,H4
58.1,4.062165663857866,1979,-71.5,35.66667,Found,H4
461.9,6.13534841743656,1983,-76.28361,157.185,Found,L6
31.0,3.4339872044851463,1985,-84.27623,161.39033,Found,H6
14.03,2.6411978941143697,1979,-71.5,35.66667,Found,L6
943.0,6.849066282633458,2006,0.0,0.0,Found,Eucrite-pmict
187.0,5.231108616854587,1999,27.25,16.11667,Found,L4
1.41,0.34358970439007686,2002,-73.10528,75.15222,Found,LL4
117.2,4.763881877142913,2007,0.0,0.0,Found,LL5
0.89,-0.11653381625595151,1979,-71.5,35.66667,Found,LL5/6
48.1,3.8732821771117156,2009,0.0,0.0,Found,L6
188.02,5.236548340150405,1988,-72.0,26.0,Found,L6
10.2,2.322387720290225,1991,-85.67866,-69.06528,Found,H5
3.12,1.1378330018213911,1979,-71.5,35.66667,Found,H4/5
12.6,2.533696813957432,2001,-79.68333,159.75,Found,Ureilite
5.38,1.682688374173693,1979,-71.5,35.66667,Found,H4/5
5400.0,8.594154232552366,1912,-34.31667,149.38333,Found,Eucrite-cm
1.9,0.6418538861723947,2009,0.0,0.0,Found,H6
296.0,5.69035945432406,2000,29.91667,-5.58333,Found,H4
20.55,3.022860940942244,1998,0.0,0.0,Found,L3
114.6,4.741447804280639,2009,0.0,0.0,Found,LL6
5.6,1.7227665977411035,2001,-72.95167,160.50917,Found,H5
3.2,1.1631508098056809,1988,-84.23163,161.50905,Found,H5
10.0,2.302585092994046,2009,0.0,0.0,Found,L6
6.73,1.9065751436566365,1986,-71.5,35.66667,Found,L6
5.47,1.6992786164338898,1979,-71.5,35.66667,Found,L6
3.68,1.3029127521808397,1998,0.0,0.0,Found,H5
11.9,2.4765384001174837,1985,-76.84838,156.42015,Found,CH3
11.5,2.4423470353692043,1974,0.0,35.66667,Found,H6
2335.0,7.755767170102998,2009,0.0,0.0,Found,H5
0.7,-0.35667494393873245,1981,-76.69194,159.39055,Found,H6
2500.0,7.824046010856292,1911,39.8,-100.51667,Found,LL5
0.6,-0.5108256237659907,2003,-72.93472,75.32194,Found,Mesosiderite
3.87,1.3532545070416904,2003,-72.96083,75.24722,Found,Mesosiderite
15.7,2.7536607123542622,1988,-72.0,26.0,Found,H4
40.3,3.696351468952637,1990,-76.2873,156.48477,Found,L6
6.3,1.840549633397487,1999,-72.94639,160.37833,Found,H6
1025.0,6.932447891572509,2000,19.11067,54.81633,Found,H6
7.95,2.0731719286662407,1998,0.0,0.0,Found,L5
68.0,4.219507705176107,1997,27.20267,16.42083,Found,L/LL3-6
1.8,0.5877866649021191,1986,-84.27377,161.69209,Found,H5
10000.0,9.210340371976184,1987,-23.2,-70.43333,Found,L6
752.0,6.62273632394984,1995,2.5,34.75,Found,L6
0.9,-0.10536051565782628,1993,-84.5757,162.55816,Found,L5
992.45,6.900176633458587,1988,-72.0,26.0,Found,L3
0.65,-0.4307829160924542,2003,-72.98361,75.24583,Found,L5
445.32,6.0987931248605065,1988,-72.0,26.0,Found,H4
98.26,4.587617026740502,1987,-72.0,26.0,Found,H4
51.9,3.949318790171843,1986,-84.27426,161.67644,Found,H5
1.3,0.26236426446749106,2006,-72.978056,75.263056,Found,L6
4.29,1.4562867329399256,1974,-71.5,35.66667,Found,H3
243.3,5.494295249789477,1983,-76.27528,157.18417,Found,L6
5.01,1.6114359150967734,2006,-72.779167,75.315556,Found,L6
13.6,2.6100697927420065,1986,-84.27379,161.68789,Found,H5
88.6,4.484131857611035,1995,-85.66667,175.0,Found,L6
7.9,2.066862759472976,1977,-76.71667,159.66667,Found,H6
48.0,3.871201010907891,2009,0.0,0.0,Found,Eucrite
37.88,3.6344232683178777,2002,-84.0,168.0,Found,H5
99.98,4.604970165985424,2008,0.0,0.0,Found,CV3
1906.61,7.553082074984357,1982,-71.5,35.66667,Found,CO3.2
8180.0,9.009447429596793,1950,35.83333,-97.93333,Found,L5
1.8,0.5877866649021191,1993,-84.57572,162.5665,Found,H6
2.53,0.9282193027394288,2002,-84.21667,160.5,Found,H5
6.5,1.8718021769015913,1977,-76.71667,159.66667,Found,H5
1.47,0.3852624007906449,2004,35.08838,-116.75283,Found,L6
60.16,4.097007679641584,1979,-71.5,35.66667,Found,L6
96.0,4.564348191467836,2000,18.90415,54.70378,Found,H4-6
3.6,1.2809338454620642,1992,-76.03058,155.91015,Found,L6
38800.0,10.566175525611365,1898,34.25,-112.75,Found,"Iron, IVB"
118.5,4.774912960575186,2007,0.0,0.0,Found,R4
4.2,1.4350845252893227,1997,-84.0,168.0,Found,LL5
1.2,0.1823215567939546,1983,-76.82228,158.21366,Found,H5
1.18,0.16551443847757333,2006,-72.78333,75.29528,Found,L6 
6800.0,8.824677891164198,1954,42.63333,-114.83333,Found,L
36.0,3.58351893845611,2009,0.0,0.0,Found,Ureilite
40.91,3.711374531941307,1988,-72.0,26.0,Found,H4
0.98,-0.020202707317519466,2003,-72.773889,75.3425,Found,H5
5.9,1.7749523509116738,1986,-84.27385,161.68603,Found,H5
18.6,2.9231615807191558,1988,-84.24656,161.40563,Found,H6
97.8,4.582924577040772,1987,-84.36326,161.26607,Found,L6
374.5,5.925591802957274,2010,0.0,0.0,Found,L6
2392.0,7.779885115070522,2001,19.31528,54.51786,Found,H5
64.33,4.1640260854229085,2000,-79.68333,155.75,Found,L6
11.51,2.4432162227337915,1988,-72.0,26.0,Found,L6
13.69,2.6166656393003573,2003,-72.93417,75.32222,Found,H5
73.2,4.293195420967266,1999,-84.0,168.0,Found,LL5
2.6,0.9555114450274363,1988,-84.23741,161.49372,Found,H6
4.4,1.4816045409242156,1999,35.05847,-116.769,Found,H6
114.3,4.738826570800765,1990,-76.29193,156.35692,Found,L6
93.75,4.54063166485052,1987,-72.0,26.0,Found,H4
54.9,4.005513348515485,1977,-76.71667,159.66667,Found,L6
2.9,1.0647107369924282,2006,-72.99889,75.18722,Found,L5
2.7,0.9932517730102834,1991,-85.69865,-68.82044,Found,L6
104.0,4.6443908991413725,1990,-84.59479,162.36067,Found,L5
712.0,6.568077911411976,2001,0.0,0.0,Found,LL6
17.9,2.884800712846709,1994,-84.0,168.0,Found,L5
327.0,5.7899601708972535,1997,19.91933,11.88183,Found,H5
1.9,0.6418538861723947,1991,-85.66181,-68.16069,Found,H5
12.3,2.509599262378372,1987,-84.25328,161.40596,Found,H5
622.4,6.433582972864182,2003,19.27643,55.76668,Found,L5
3.71,1.3110318766193438,2003,-72.95194,160.52222,Found,H6
7.1,1.9600947840472698,1994,-84.0,168.0,Found,CM2
3.3,1.1939224684724346,1975,-71.5,35.66667,Found,L6
1.41,0.34358970439007686,2006,-72.783889,75.2725,Found,H4
30.4,3.414442608412176,1979,-71.5,35.66667,Found,LL4
6.82,1.9198594718553708,1998,0.0,0.0,Found,EL6
113.0,4.727387818712341,2001,18.71848,54.22,Found,H5
13.9,2.631888840136646,1998,-86.71667,-141.5,Found,H6
82.0,4.406719247264253,2006,0.0,0.0,Found,L6
8.7,2.163323025660538,1985,-84.2738,161.36764,Found,L4
0.7,-0.35667494393873245,2006,-72.786389,75.296667,Found,H5
53.12,3.9725535051681784,1988,-72.0,26.0,Found,L5
957.0,6.863803391452954,1995,27.30483,16.30017,Found,LL3.8
141.0,4.948759890378168,2000,19.77562,56.64048,Found,Eucrite
214.1,5.366443195595637,1999,-84.0,168.0,Found,L5
3085.5,8.034468997761122,1982,-85.61621,-68.5873,Found,L5
34.4,3.5380565643793527,1988,-84.28813,161.37442,Found,H5
175.4,5.1670690799380825,1990,-76.26985,156.49568,Found,L6
30.4,3.414442608412176,1990,-72.95417,160.52512,Found,H5
666.0,6.501289670540389,2000,18.6676,54.60492,Found,H5/6
5.09,1.6272778305624314,1974,-71.5,35.66667,Found,H5
21.2,3.054001181677967,2008,0.0,0.0,Found,LL6
30.6,3.4210000089583352,2001,-79.68333,159.75,Found,Ureilite-an
2.4,0.8754687373538999,2010,0.0,0.0,Found,L6
1058.7,6.9647970193493345,2001,-72.85833,161.13611,Found,H5
1.3,0.26236426446749106,1978,-76.71667,159.66667,Found,H5
107.1,4.673762977453703,1990,-72.95614,160.43429,Found,L6
560.2,6.328293862826008,1987,-76.27148,157.20281,Found,Eucrite-Mg rich
38.01,3.6378492830011573,1974,-71.5,35.66667,Found,H5
1.12,0.11332868530700327,1975,-71.5,35.66667,Found,L6
16.83,2.8231630082027146,1998,0.0,0.0,Found,LL-melt breccia
41.5,3.7256934272366524,2003,0.0,0.0,Found,L-melt rock
150.0,5.0106352940962555,1998,27.16267,16.296,Found,L6
39.57,3.678071255397333,1979,-71.5,35.66667,Found,H6
38.4,3.648057459593681,1983,-76.987,156.87283,Found,H5
25.6,3.242592351485517,2009,0.0,0.0,Found,LL6
87.0,4.465908118654584,1997,27.01733,16.0885,Found,L6
140.0,4.941642422609304,2000,28.44067,12.88167,Found,LL6
4.7,1.547562508716013,1999,-84.0,168.0,Found,LL5
9.7,2.272125885509337,2001,-79.68333,159.75,Found,L5
89.7,4.49647076906475,2000,-79.68333,159.75,Found,L5
68.34,4.2244952466871455,1979,-71.5,35.66667,Found,H4
298.0,5.697093486505405,1999,-84.0,168.0,Found,H5
2433.0,7.796880342783522,2008,0.0,0.0,Found,H6
95.17,4.555664766084252,1988,-72.0,26.0,Found,H6
2.05,0.7178397931503168,1979,-71.5,35.66667,Found,H5
581.0,6.364750756851911,1996,27.09967,16.03467,Found,CO3
5.62,1.7263316639055997,1998,0.0,0.0,Found,H3
4.0,1.3862943611198906,2010,0.0,0.0,Found,L6
9.1,2.2082744135228043,1979,-71.5,35.66667,Found,L6
405.0,6.003887067106539,2009,24.13333,-13.16667,Found,L6
48.0,3.871201010907891,2000,19.28833,54.695,Found,H4
603.0,6.401917196727186,1907,-33.0,26.4,Found,H5
2.7,0.9932517730102834,1994,-84.0,168.0,Found,H6
77.9,4.355425952876702,1983,-76.69083,159.37139,Found,H5
524.0,6.261491684321042,2010,0.0,0.0,Found,Lodranite
169.2,5.1310814471721224,1971,-30.18333,126.36667,Found,C5/6-ung
58.46,4.0683427596831,1988,-72.0,26.0,Found,H4
149.0,5.003946305945459,2008,20.19867,56.80917,Found,H4
4.19,1.4327007339340465,1979,-71.5,35.66667,Found,H5
9000.0,9.104979856318357,1931,-25.66667,117.0,Found,Iron
155.0,5.043425116919247,2012,0.0,0.0,Found,L6
607.4,6.409187552611648,1990,-84.58632,162.61005,Found,L5
2660.1,7.886118995054071,2006,0.0,0.0,Found,EH3
2.22,0.7975071958841882,1979,-71.5,35.66667,Found,LL6
9.7,2.272125885509337,2001,-79.68333,159.75,Found,H6
0.56,-0.579818495252942,2003,-72.9925,75.206389,Found,H4
4.86,1.5810384379124025,1979,-71.5,35.66667,Found,H4
61.7,4.122283930911342,2012,0.0,0.0,Found,LL~5
107.56,4.678048831400664,2003,-72.77889,75.31361,Found,L6
28600.0,10.261161996807944,1991,31.0,11.66667,Found,L6
2.8,1.0296194171811581,1988,-84.27683,161.40602,Found,L6
4.7,1.547562508716013,1999,-84.0,168.0,Found,LL5
44.7,3.7999735016195233,1992,-76.03313,156.03233,Found,CR2
3.4,1.2237754316221157,1986,-71.5,35.66667,Found,H4
3.94,1.3711807233098425,1998,0.0,0.0,Found,H5
24.19,3.185939324621936,2000,-79.68333,155.75,Found,L5
76.95,4.343155860284888,1979,-71.5,35.66667,Found,H4/5
180.1,5.19351225218191,2002,-86.36667,-70.0,Found,LL5
37.0,3.6109179126442243,2006,0.0,0.0,Found,H4/5
75.73,4.327174383125731,1998,0.0,0.0,Found,L6
2.2,0.7884573603642703,1999,-84.0,168.0,Found,LL5
6.74,1.9080599249242156,2003,-72.95156,160.51194,Found,H5
4.6,1.5260563034950492,1981,-76.69806,159.25945,Found,H5
2.3,0.8329091229351039,1997,-84.0,168.0,Found,H6
69.6,4.242764567340374,2011,0.0,0.0,Found,CV3
1.7,0.5306282510621704,1999,-84.0,168.0,Found,CK4
1412.0,7.252762418053187,1985,-76.99984,156.95922,Found,L6
336.0,5.817111159963204,2006,-72.77472,75.32361,Found,L6
150000.0,11.918390573078392,1870,33.18333,-96.71667,Found,L4
309.0,5.733341276897746,1998,0.0,0.0,Found,LL6
18.2,2.9014215940827497,1991,-72.95551,160.44071,Found,H4
134.1,4.898585790287632,2001,-75.68139,155.45306,Found,L6
181.0,5.198497031265826,2001,18.71728,54.35902,Found,H5/6
353.16,5.866921212033382,2007,19.69272,56.37732,Found,L6
9.1,2.2082744135228043,1987,-76.27602,156.50089,Found,L6
3.93,1.3686394258811698,1979,-71.5,35.66667,Found,H4
12.17,2.498973906999436,1998,0.0,0.0,Found,LL6
12.95,2.5610957881455465,1998,0.0,0.0,Found,H6
67.2,4.207673247529104,1983,-76.18333,157.16667,Found,L5
7.61,2.0294631718735947,1982,-71.5,35.66667,Found,L6
52.21,3.955274047422461,1998,0.0,0.0,Found,H3
50.0,3.912023005428146,2001,18.66933,54.728,Found,H5
963.5,6.870572487854421,2006,0.0,0.0,Found,L4/5
19.4,2.9652730660692823,2001,-79.68333,159.75,Found,LL6
19.4,2.9652730660692823,1988,-84.24795,161.38673,Found,H5
3.2,1.1631508098056809,1997,-84.0,168.0,Found,LL5
0.6,-0.5108256237659907,2007,0.0,0.0,Found,CO3
432.2,6.068888444072786,1980,-76.69028,159.25444,Found,H4
27.0,3.295836866004329,1988,-84.27197,161.35985,Found,H6
296.0,5.69035945432406,1990,28.95,12.46667,Found,H3.9
406.0,6.0063531596017325,2002,19.3025,54.555,Found,Ureilite
80.3,4.385769620952716,2010,0.0,0.0,Found,H6
62.0,4.127134385045092,2001,18.345,54.19667,Found,H5
228.9,5.433285226958521,2009,0.0,0.0,Found,LL6
80.2,4.384523514872469,1974,-71.5,35.66667,Found,L6
86.9,4.464758032271346,1996,-76.18333,157.16667,Found,H6
6.8,1.916922612182061,1986,-84.27368,161.69162,Found,L6
63.8,4.155753190350744,1990,-76.27362,156.4211,Found,L6
8.2,2.1041341542702074,1986,-84.27396,161.68193,Found,H5
74830.0,11.222974153074404,1981,44.4,-98.53333,Found,"Iron, IAB-MG"
3.48,1.247032293786383,1998,0.0,0.0,Found,H4
442.2,6.091762268423346,1991,-85.63333,-68.7,Found,L6
581.0,6.364750756851911,2000,18.4254,56.82262,Found,H3-5
10.1,2.312535423847214,2009,0.0,0.0,Found,CO3
54.0,3.9889840465642745,1990,-84.59482,162.30026,Found,L5
23.0,3.1354942159291497,2008,0.0,0.0,Found,LL6
3.6,1.2809338454620642,2001,-72.99222,160.39972,Found,H3
138.0,4.927253685157205,1991,-30.55167,129.22133,Found,H6
10.4,2.341805806147327,2010,0.0,0.0,Found,L6
4.83,1.5748464676644813,1994,-71.54694,35.40194,Found,H/L4
6.37,1.851599469584072,1974,0.0,35.66667,Found,H6
16.2,2.785011242238338,1969,34.21667,-103.5,Found,H5
0.96,-0.040821994520255166,1979,-71.5,35.66667,Found,H4/5
3.28,1.1878434223960523,1982,-71.5,35.66667,Found,L6
229.26,5.434856730686864,1986,-71.5,35.66667,Found,H4
8500.0,9.047821442478408,1947,40.8,-99.2,Found,L6
83.24,4.421728001525434,1979,-71.5,35.66667,Found,H5
110.0,4.700480365792417,1999,20.68267,57.179,Found,L6
387.0,5.958424693029782,2011,19.04955,55.5607,Found,LL6
1.92,0.6523251860396901,2006,-72.78639,75.29333,Found,H4
3.4,1.2237754316221157,1986,-84.27015,161.41279,Found,L5
0.77,-0.2613647641344075,2006,-72.82528,75.35361,Found,H4
220.13,5.39421828092524,1988,-72.0,26.0,Found,H3.8
2102.0,7.650644551436897,1999,18.28167,54.11,Found,L6
22.0,3.091042453358316,1991,25.31222,-0.35583,Found,H5
159.0,5.0689042022202315,2000,-85.15468,-94.58963,Found,L4
5.7,1.7404661748405046,1991,-84.55914,-62.04472,Found,H5
200.0,5.298317366548036,2010,0.0,0.0,Found,Brachinite
44.6,3.7977338590260183,1997,-84.0,168.0,Found,LL5
183.7,5.21330399222108,2003,-72.94306,75.275,Found,L6
13.1,2.5726122302071057,1990,-76.27377,156.48818,Found,CK5
12.05,2.489064659936664,2001,19.06013,54.53182,Found,H6
26.6,3.2809112157876537,1898,49.65,29.63333,Found,L6
179.9,5.192401140956488,1991,-85.67801,-68.70831,Found,L6
17.6,2.8678989020441064,2000,-79.68333,159.75,Found,L5
4018.3,8.298614206599607,1995,-85.66667,175.0,Found,L3.5
230.0,5.438079308923196,2004,0.0,0.0,Found,LL4
392.0,5.971261839790462,1990,27.55,4.13333,Found,L6
1000.0,6.907755278982137,1979,-30.15,128.08333,Found,L6
246.0,5.5053315359323625,1999,26.96667,16.36667,Found,L6
1.05,0.04879016416943205,2003,-72.9925,75.20639,Found,H5
527.6,6.268338420843159,2009,0.0,0.0,Found,L6
6.14,1.814824742159051,1979,-71.5,35.66667,Found,LL
258.0,5.552959584921617,2010,34.00056,-115.72972,Found,L5
83.53,4.425205848767815,1979,-71.5,35.66667,Found,L4
1040.0,6.946975992135418,1954,19.5,55.5,Found,L6
179.0,5.187385805840755,1962,-39.06667,146.35,Found,LL6
77.92,4.3556826593342794,1979,-71.5,35.66667,Found,L5
9.32,2.2321626286975,1979,-71.5,35.66667,Found,L4
3.6,1.2809338454620642,1990,-76.28863,156.43292,Found,L3.5
12.7,2.5416019934645457,1990,-76.28334,156.47015,Found,L6
13.48,2.601207105484161,2006,21.33802,58.41153,Found,L6
22.75,3.1245651453969594,2003,-72.77889,75.31361,Found,L6
62.0,4.127134385045092,1987,-76.18333,157.16667,Found,H5
5.28,1.6639260977181702,2002,-84.0,168.0,Found,H5
1929.0,7.564757012905729,2009,19.42017,56.70155,Found,H5
632.7,6.449996376152838,1998,0.0,0.0,Found,H5
28.8,3.3603753871419,1985,-84.28677,161.3542,Found,L3.4
3.9,1.3609765531356006,2003,19.33015,54.77972,Found,Lunar (anorth)
53.0,3.970291913552122,1999,26.95,16.45,Found,H5
11.1,2.4069451083182885,1994,-84.0,168.0,Found,H5
238.5,5.474369310328396,1987,-76.18333,157.16667,Found,L6
9.3,2.2300144001592104,2007,0.0,0.0,Found,LL5
33.4,3.5085558999826545,1999,-84.0,168.0,Found,LL5
57.2,4.046553898385752,2006,0.0,0.0,Found,L6
26.95,3.2939832973550063,1998,0.0,0.0,Found,H3
4.4,1.4816045409242156,2003,-72.935278,75.316667,Found,L4
8.84,2.179286876649552,1998,0.0,0.0,Found,L3
36.65,3.6014134283326604,2006,-72.996944,75.217778,Found,L5
10.7,2.3702437414678603,1985,-76.82728,156.16645,Found,CM2
348.9,5.8547853481927286,1997,-84.0,168.0,Found,LL5
731.0,6.594413459749778,1988,-84.26679,161.33674,Found,H4
7.4,2.0014800002101243,2007,0.0,0.0,Found,L6
386.8,5.957907763579139,1987,-72.0,26.0,Found,H4
4.74,1.556037135706985,1979,-71.5,35.66667,Found,H3
1.22,0.19885085874516517,2003,-72.773611,75.320278,Found,L6
1.6,0.47000362924573563,2007,0.0,0.0,Found,H6
39.71,3.6816030451431603,1998,0.0,0.0,Found,H4
58.84,4.074821895733237,1979,-71.5,35.66667,Found,L6
320.3,5.769258056615112,2006,19.79072,56.50055,Found,L6
126.6,4.841032509710076,1990,-84.59528,162.31384,Found,L5
4.42,1.4861396960896067,1979,-71.5,35.66667,Found,E3
46500.0,10.747207591575448,1933,38.65,-94.33333,Found,L6
78.0,4.356708826689592,1997,26.96017,16.34033,Found,LL6
27.88,3.327909585892323,1979,-71.5,35.66667,Found,L4
18.0,2.8903717578961645,2010,-24.25,-70.51667,Found,H6
428.0,6.059123195581797,2010,-25.23333,-69.71667,Found,H4
4333.0,8.374015421739909,2001,-19.65,-69.95,Found,"Iron, IIIAB"
264.3,5.577084821610244,2009,0.0,0.0,Found,LL5
62.0,4.127134385045092,2004,0.0,0.0,Found,H6
10.81,2.3804716316511167,1993,-72.9525,160.50528,Found,H5
114.0,4.736198448394496,1988,39.53833,59.55833,Found,H4
1.27,0.23901690047049992,2006,-72.77611,75.32694,Found,L5
2.5,0.9162907318741551,2009,0.0,0.0,Found,Achondrite-ung
9.7,2.272125885509337,1990,-76.2824,156.51672,Found,L3.05
1.8,0.5877866649021191,1993,-84.0,168.0,Found,L3.5
39.5,3.676300671907076,1995,-86.56667,-165.11667,Found,R3
4.06,1.4011829736136412,1998,0.0,0.0,Found,H5
18.3,2.9069010598473755,2009,30.96759,10.04677,Found,L6
1.84,0.6097655716208943,1979,-71.5,35.66667,Found,H4
5.63,1.728109442151599,1979,-71.5,35.66667,Found,H
2.9,1.0647107369924282,1982,-71.5,35.66667,Found,L6
1868.0,7.532623618788788,2000,20.99667,57.29117,Found,H6
547.0,6.304448802421981,2001,0.0,0.0,Found,L6
0.79,-0.23572233352106983,1974,-71.5,35.66667,Found,H5
735.9,6.601094239932554,1984,-76.77066,158.8921,Found,CV3
8.7,2.163323025660538,2000,-79.68333,155.75,Found,"Iron, IIIAB"
448.0,6.104793232414985,2001,18.90333,54.57833,Found,H6
257.8,5.552184090505087,2001,18.73882,54.19487,Found,L6
14.1,2.6461747973841225,2003,-72.77833,75.32083,Found,L6
10.65,2.365559892155434,1986,-71.5,35.66667,Found,H4
89.7,4.49647076906475,1979,-76.70167,159.36889,Found,H5
21.0,3.044522437723423,1993,-84.0,168.0,Found,H5
12.1,2.4932054526026954,1985,-84.27583,161.41269,Found,L6
13.5,2.6026896854443837,1997,-84.0,168.0,Found,LL5
1.36,0.3074846997479607,1979,-71.5,35.66667,Found,E3
1519.0,7.325807502595773,2012,0.0,0.0,Found,LL6
24.4,3.1945831322991562,2011,-24.85,-70.53333,Found,H5
30.8,3.427514689979529,1994,-84.0,168.0,Found,H6
43.7,3.7773481021015445,1987,-76.28297,156.45865,Found,L6
32.38,3.477540948249489,1988,-72.0,26.0,Found,H3.8
380.7,5.942011663388452,2009,0.0,0.0,Found,LL5
4.7,1.547562508716013,1999,-84.0,168.0,Found,LL5
0.65,-0.4307829160924542,1979,-71.5,35.66667,Found,E3
1372.0,7.22402480828583,2000,18.63768,54.73132,Found,H6
10.0,2.302585092994046,1978,-76.71667,159.66667,Found,L4
3.7,1.308332819650179,1988,-84.27481,161.40899,Found,H5
2.98,1.091923300517313,2006,-73.093611,75.190556,Found,L6
11.43,2.4362414778067194,1983,-71.5,35.66667,Found,L3.7
182.42,5.206311720752012,2010,20.50627,55.82513,Found,LL6
2000.0,7.600902459542082,1965,-23.93333,-68.28333,Found,"Iron, IAB?"
113.7,4.73356340075649,1983,39.91667,-101.2,Found,L4
545.6,6.301886106529253,1983,49.78333,35.6,Found,LL6
4.3,1.4586150226995167,1980,-76.21321,158.44041,Found,Mesosiderite-an
0.9,-0.10536051565782628,2001,-72.98972,160.40444,Found,H4/5
13.93,2.6340447877917144,1998,0.0,0.0,Found,H5
8.06,2.086913556518537,1998,0.0,0.0,Found,H5
298.27,5.697999116567134,2002,18.55673,54.00083,Found,L4
19.3,2.9601050959108397,1999,-76.18333,157.16667,Found,H5
17.5,2.8622008809294686,1999,-84.0,168.0,Found,LL5
10000.0,9.210340371976184,1903,21.43333,-102.56667,Found,Iron
197.59,5.286194176745726,1998,0.0,0.0,Found,L6
1166.03,7.061360095567446,1988,-72.0,26.0,Found,H6
39.68,3.6808472824166723,1979,-71.5,35.66667,Found,LL6
136.7,4.917788743729904,1998,-86.71667,-141.5,Found,H3.8
421000.0,12.950388112664518,1825,17.53333,-97.35,Found,"Iron, IVA"
308.0,5.730099782973574,2005,0.0,0.0,Found,L4
5.8,1.7578579175523736,1977,-76.71667,159.66667,Found,H5
39.45,3.6750340472918834,1979,-71.5,35.66667,Found,H4
148.0,4.997212273764115,2000,18.22667,54.11167,Found,Lunar (anorth)
1754.7,7.470053181117089,1985,-85.66667,175.0,Found,L6
65.0,4.174387269895637,2007,0.0,0.0,Found,L3
1.02,0.01980262729617973,2003,-72.779167,75.3,Found,L6
28.91,3.364187556028255,1979,-71.5,35.66667,Found,L4
2.4,0.8754687373538999,1988,-84.24203,161.45386,Found,L6
14.8,2.6946271807700692,1990,-76.28458,156.5046,Found,L6
54.3,3.9945242269398897,2010,0.0,0.0,Found,Ureilite
10.3,2.33214389523559,1987,-84.25415,161.38611,Found,L6
392.1,5.971516909298286,2009,0.0,0.0,Found,LL6
0.53,-0.6348782724359695,1975,-71.5,35.66667,Found,L6
2.28,0.8241754429663494,2003,-72.97694,75.25694,Found,L6
378.0,5.934894195619588,1996,27.1245,15.99167,Found,CO3
323.5,5.7791991139409555,2009,18.86795,55.45073,Found,H5
18.8,2.9338568698359038,1988,-84.28622,161.37579,Found,H5
414.0,6.025865973825314,1996,27.03056,26.67444,Found,H5
19.7,2.9806186357439426,2008,19.53428,55.17403,Found,H6
1050.0,6.956545443151569,1998,27.47883,16.30367,Found,L6
103.6,4.640537329825382,1990,-76.28222,156.5107,Found,H5
75.3,4.321480134805848,1987,-84.35064,161.38614,Found,H5
2.35,0.8544153281560676,1999,-84.0,168.0,Found,L6
114.0,4.736198448394496,1999,27.28333,16.1,Found,L6
3550.0,8.174702882469461,1996,27.13083,16.13233,Found,H6
12.1,2.4932054526026954,1986,-84.25661,161.36341,Found,L6
3.8,1.33500106673234,2004,0.0,0.0,Found,Mesosiderite
2.1,0.7419373447293773,1979,-71.5,35.66667,Found,LL6
10.1,2.312535423847214,1988,-84.25319,161.41933,Found,L6
1.3,0.26236426446749106,1999,-84.0,168.0,Found,LL5
123.43,4.815674193755838,1988,-72.0,26.0,Found,H4
8.3,2.1162555148025524,1996,-76.18333,157.16667,Found,L6
640.0,6.461468176353717,1996,27.141,16.16783,Found,L6
18.56,2.9210087273580543,2006,-72.77917,75.31333,Found,L6
361.0,5.8888779583328805,2001,19.11212,54.82022,Found,H5
95.07,4.554613462370939,1979,-71.5,35.66667,Found,H4/5
305.97,5.723487057930536,1988,-72.0,26.0,Found,L4
14.5,2.6741486494265287,1988,-84.27756,161.40201,Found,L7
0.5,-0.6931471805599453,1991,-85.66427,-68.12523,Found,H6
69.0,4.23410650459726,2000,26.98683,16.44017,Found,L6
55400.0,10.922334872735375,1946,36.82444,-93.76111,Found,"Iron, IAB-MG"
35.3,3.563882963939251,1988,-84.21667,160.5,Found,Lodranite
6.6,1.8870696490323797,2008,0.0,0.0,Found,Ureilite
85.9,4.45318382899021,2010,-72.77886,75.31447,Found,L5
548.94,6.307989145919499,1979,-71.5,35.66667,Found,H3.7
119.36,4.782144136455451,1979,-71.5,35.66667,Found,L3.6
1.2,0.1823215567939546,2007,0.0,0.0,Found,L4
40.1,3.6913763343125234,1988,-72.0,26.0,Found,H4
15.32,2.729159164312445,2003,20.56278,55.88898,Found,H3/4
10.6,2.3608540011180215,1988,-84.25102,161.37055,Found,L6
860.0,6.756932389247553,1965,34.93333,-102.01667,Found,Winonaite
0.1,-2.3025850929940455,2009,-71.90355,160.48982,Found,H5
15.5,2.740840023925201,1998,-86.71667,-141.5,Found,H6
34.5,3.5409593240373143,1980,-76.74111,159.29667,Found,H6
1.0,0.0,1979,-71.5,35.66667,Found,LL5/6
48.8,3.8877303128591016,1997,-84.0,168.0,Found,LL5
87.0,4.465908118654584,2009,22.89528,55.17033,Found,L6
308.0,5.730099782973574,2000,19.00867,54.76962,Found,H6
3.48,1.247032293786383,2006,-72.96306,75.21528,Found,L4
30.2,3.407841924380824,1988,-84.27023,161.36818,Found,L6
12.6,2.533696813957432,2006,-72.78,75.31972,Found,L5
26.0,3.258096538021482,2000,-79.68333,159.75,Found,LL5
46.85,3.846951008684431,2006,-72.781944,75.301944,Found,L6
11.1,2.4069451083182885,1994,-84.0,168.0,Found,L6
24.3,3.190476350346503,1986,-84.27388,161.6935,Found,L6
221.43,5.400106512450071,1987,-72.0,26.0,Found,H5
21.8,3.0819099697950434,2008,0.0,0.0,Found,CO3
2.24,0.8064758658669485,2006,-72.780833,75.305278,Found,L6
25.8,3.250374491927572,1979,-71.5,35.66667,Found,H4
62.0,4.127134385045092,1997,27.21017,16.22083,Found,H6
3.36,1.2119409739751128,1986,-71.5,35.66667,Found,H4
1.54,0.43178241642553783,1986,-71.5,35.66667,Found,L6
182.0,5.204006687076795,2000,18.95067,54.752,Found,LL5
7.12,1.9629077254238845,1988,-76.71667,159.33333,Found,H6
4.3,1.4586150226995167,2009,0.0,0.0,Found,L6
5.3,1.667706820558076,1990,-76.28286,156.40906,Found,L6
274.0,5.6131281063880705,1997,28.206,15.6355,Found,H5
36.9,3.6082115510464816,1990,-76.27089,156.4956,Found,L6
335.2,5.814727368607928,2010,0.0,0.0,Found,L5
77.7,4.3528552573736015,2005,20.59888,56.14967,Found,L5
518.1,6.2501682738207425,2006,0.0,0.0,Found,L5
3835.3,8.252002937599684,1981,-76.69,159.26305,Found,L6
6.6,1.8870696490323797,1977,-76.71667,159.66667,Found,H5
264.6,5.5782192516808555,1991,-84.96612,-67.50071,Found,L5
1730.0,7.455876687491824,2000,18.8773,54.78035,Found,LL6
62.9,4.141546163706395,2007,0.0,0.0,Found,H6
13.8,2.624668592163159,1988,-76.72146,158.71186,Found,H5
1800.0,7.495541943884256,1889,36.55,-79.78333,Found,"Iron, IIIAB"
216.5,5.377590547442544,1999,19.3005,55.054,Found,H5
2.3,0.8329091229351039,1988,-84.21667,160.5,Found,LL5
6.42,1.8594181177018698,2002,-84.0,168.0,Found,H5
0.1,-2.3025850929940455,1983,-76.82234,158.21493,Found,CO3
271.0,5.602118820879701,2001,19.24968,54.65495,Found,H(L)3-an
2.03,0.7080357930536959,1986,-71.5,35.66667,Found,H4
1.97,0.6780335427498971,1999,-84.0,168.0,Found,LL5
29.59,3.3874364664121184,2006,-72.77944,75.31333,Found,L6
16.53,2.805176911832933,1979,-71.5,35.66667,Found,H4/5
48.0,3.871201010907891,2006,0.0,0.0,Found,L4
4.4,1.4816045409242156,1985,-84.2713,161.4155,Found,L6
1.4,0.3364722366212129,1991,-72.95488,160.47328,Found,H4
1371.0,7.223295679562314,1979,-71.5,35.66667,Found,L6
237.9,5.471850417308912,2006,0.0,0.0,Found,L5
56.0,4.02535169073515,2011,-24.85,-70.53333,Found,L6
6.9,1.9315214116032138,2007,18.25188,53.998,Found,H~5
1.7,0.5306282510621704,1997,-84.0,168.0,Found,LL5
61.02,4.1112016792885235,2010,20.34088,55.55118,Found,H5
14.64,2.6837575085331657,1979,-71.5,35.66667,Found,H4
1.1,0.09531017980432493,1999,-82.5,155.5,Found,H6
10.3,2.33214389523559,1988,-72.0,26.0,Found,H3
19.91,2.991222118076105,1988,-72.0,26.0,Found,H6
4.6,1.5260563034950492,1981,-76.67705,159.26697,Found,H5
7.6,2.028148247292285,1988,-84.28213,161.37688,Found,H5
190.86,5.251540174989108,1988,-72.0,26.0,Found,H3.9
12.3,2.509599262378372,2006,-72.95306,75.23278,Found,Mesosiderite
59.8,4.091005660956586,2008,0.0,0.0,Found,LL5
836.87,6.729668741819673,1988,-72.0,26.0,Found,H4
20.5,3.0204248861443626,1997,-84.0,168.0,Found,LL5
75.7,4.3267781604434035,2009,0.0,0.0,Found,H6
3.73,1.3164082336557241,1981,-71.5,35.66667,Found,H6
2.14,0.7608058290337602,2006,-72.99889,75.18722,Found,L5
13.1,2.5726122302071057,1974,0.0,35.66667,Found,H6
19.51,2.97092715463502,1997,35.92333,-114.10167,Found,L5
13.2,2.580216829592325,2010,0.0,0.0,Found,LL5
62.09,4.128584945376802,1988,-72.0,26.0,Found,H4
9400.0,9.148464968258095,1981,55.8,66.0,Found,OC
14.4,2.667228206581955,1990,-76.27082,156.41839,Found,L6
1115.45,7.017013189918659,1988,-72.0,26.0,Found,Mesosiderite
1012.0,6.919683849847411,2003,-72.78167,75.30278,Found,L5
1.4,0.3364722366212129,2007,0.0,0.0,Found,H6
4.96,1.601405740736836,2006,-72.78,75.27944,Found,L6 
17.58,2.866761892257031,1998,0.0,0.0,Found,H5
113.92,4.735496447663666,2002,-85.63333,-68.7,Found,LL6
319.0,5.765191102784844,2010,19.03582,54.50745,Found,L6
12175.0,9.40713994795079,2011,19.82562,55.684,Found,H5
37.6,3.6270040503958487,1984,-76.91616,156.82442,Found,L6
100000.0,11.512925464970229,2000,31.98457,-5.51528,Found,"Iron, IIAB"
98000.0,11.49272275765271,1724,50.5,12.5,Found,"Iron, IVA-an"
29.7,3.391147045808654,1986,-84.27398,161.68365,Found,H5
37.6,3.6270040503958487,1979,-76.69833,159.34056,Found,H4
582.0,6.366470447731438,1985,-84.27376,161.37696,Found,H6
3.4,1.2237754316221157,1999,-84.0,168.0,Found,LL5
1.0,0.0,1997,-72.95278,160.43917,Found,L5
10.4,2.341805806147327,1983,-76.69361,159.39167,Found,H5
9.96,2.298577071596507,1974,0.0,35.66667,Found,H6
1.4,0.3364722366212129,2010,0.0,0.0,Found,L6
10400.0,9.249561085129464,1937,37.55,-101.68333,Found,L6
17000.0,9.740968623038354,2006,40.266667,-94.683333,Found,"Pallasite, PMG-an"
14.0,2.6390573296152584,1997,-84.0,168.0,Found,L6
0.4,-0.916290731874155,2007,0.0,0.0,Found,L6
55.4,4.014579593753238,2008,0.0,0.0,Found,LL6
2.1,0.7419373447293773,1979,34.08333,-103.5,Found,H5
24.9,3.214867803470662,2008,0.0,0.0,Found,LL5
11.23,2.418588768750352,1987,-72.0,26.0,Found,L6
1.97,0.6780335427498971,1999,-84.0,168.0,Found,LL6
7.74,2.046401687601636,1979,-71.5,35.66667,Found,H6
0.4,-0.916290731874155,1987,-84.34665,161.32562,Found,E3-an
0.83,-0.18632957819149348,2006,-72.773056,75.339167,Found,L6
7.43,2.005525858729668,1998,0.0,0.0,Found,LL-melt breccia
94.35,4.547011271814559,1998,0.0,0.0,Found,L6
30.6,3.4210000089583352,1992,-30.93333,127.5,Found,CV2
10.5,2.3513752571634776,2009,0.0,0.0,Found,L6
2094.8,7.647213362405333,2003,20.55683,56.8474,Found,L4
3.83,1.3428648031925547,2001,19.32667,54.785,Found,Lunar (anorth)
8.93,2.189416394888408,1979,-71.5,35.66667,Found,H4/5
33.35,3.507057772361633,1986,-71.5,35.66667,Found,H4
4.85,1.5789787049493917,1986,-71.5,35.66667,Found,H4
26.13,3.263084079532521,1982,-71.5,35.66667,Found,H4
3150.5,8.05531644938211,2009,22.80487,55.32742,Found,LL6
560.0,6.327936783729195,2009,0.0,0.0,Found,L4
74.4,4.309455941839047,1988,-84.21667,160.5,Found,EL3
13.76,2.6217658325051976,2002,-85.63333,-68.7,Found,H5
4180.0,8.338066525518801,2000,19.80618,56.68707,Found,L6
24.8,3.2108436531709366,1997,-84.0,168.0,Found,LL5
11.3,2.424802725718295,1990,-76.27045,156.43824,Found,L6
15.3,2.72785282839839,2010,0.0,0.0,Found,LL6
71.0,4.2626798770413155,1994,-84.0,168.0,Found,L5
3.1,1.1314021114911006,1990,-76.26747,156.44206,Found,H5
144.0,4.969813299576001,2003,18.625,54.43,Found,L6
2.32,0.8415671856782185,1975,-71.5,35.66667,Found,L6
860.0,6.756932389247553,1960,45.05778,9.19556,Found,"Iron, ungrouped"
4318.0,8.370547611074752,1975,30.52213,-99.73698,Found,"Iron, IIIAB"
1.9,0.6418538861723947,2009,0.0,0.0,Found,L6
18.79,2.933324813425374,1982,-71.5,35.66667,Found,H6
604.6,6.404567082345357,1999,-76.18333,157.16667,Found,H5
26.54,3.2786530289040616,2003,-72.78167,75.30389,Found,L5
19.85,2.9882040071331994,1979,-71.5,35.66667,Found,H6
0.92,-0.08338160893905101,2003,-72.785,75.302222,Found,L6
394.0,5.976350909297934,2000,19.005,54.55,Found,LL5
30.8,3.427514689979529,2008,0.0,0.0,Found,LL6
1.3,0.26236426446749106,1987,-84.34415,161.46676,Found,Aubrite
41.6,3.728100167267218,1988,-84.24124,161.49011,Found,H5
7.7,2.0412203288596382,1990,-76.28296,156.45927,Found,L6
2505.0,7.826044013518965,1972,34.59333,-101.99333,Found,OC
20.61,3.0257763949023677,2000,-80.25,153.5,Found,LL6
1.4,0.3364722366212129,1994,-84.0,168.0,Found,H5
6.74,1.9080599249242156,1974,0.0,35.66667,Found,H6
11.0,2.3978952727983707,2006,0.0,0.0,Found,H5
53.5,3.979681653901961,1993,-84.5796,162.63182,Found,H5
1.64,0.494696241836107,1986,-71.5,35.66667,Found,H4
43.0,3.7612001156935624,1990,28.91667,12.91667,Found,L6
3.13,1.1410330045520618,1979,-71.5,35.66667,Found,CO3
5200.0,8.556413904569519,2001,31.5,-4.85,Found,L5
4.0,1.3862943611198906,1994,-84.0,168.0,Found,H5
708.2,6.562726539677803,1993,-84.62928,162.50537,Found,H5
82.0,4.406719247264253,2008,0.0,0.0,Found,Mesosiderite
1244.18,7.1262319573656425,1988,-72.0,26.0,Found,H4
10.27,2.329227023940467,1986,-71.5,35.66667,Found,CV3
0.5,-0.6931471805599453,1979,-71.5,35.66667,Found,E3
254.9,5.54087131138207,1981,-76.69194,159.26805,Found,Eucrite-pmict
8.5,2.1400661634962708,2000,-79.68333,159.75,Found,L5
34.3,3.535145354171894,1988,-84.24708,161.3911,Found,H5
1.8,0.5877866649021191,2006,-72.98389,75.2466,Found,L5
4.59,1.5238800240724537,1998,0.0,0.0,Found,L5
8.6,2.151762203259462,1999,-84.0,168.0,Found,LL5
5.9,1.7749523509116738,2010,0.0,0.0,Found,L5
404.61,6.002923640196876,2012,0.0,0.0,Found,H4
1.7,0.5306282510621704,1999,-84.0,168.0,Found,LL5
4.6,1.5260563034950492,1999,-84.0,168.0,Found,LL5
0.8,-0.2231435513142097,2009,0.0,0.0,Found,H5
6.64,1.8931119634883424,2003,-72.775,75.316667,Found,L6
45.2,3.8110970868381857,1997,-84.0,168.0,Found,LL5
1638.0,7.401231264413015,2010,0.0,0.0,Found,Lunar (feldsp. breccia)
25.3,3.2308043957334744,2009,0.0,0.0,Found,LL6
85.0,4.442651256490317,1996,27.13383,16.06533,Found,H6
223.0,5.407171771460119,2002,20.72205,57.21013,Found,L6
50.0,3.912023005428146,2001,18.99,54.6,Found,L6
1.66,0.5068176023684519,1979,-71.5,35.66667,Found,CO3
566.65,6.339741829178958,2002,20.57268,57.36938,Found,L6
159.32,5.070914758313443,1979,-71.5,35.66667,Found,H5
3.9,1.3609765531356006,1996,-76.18333,157.16667,Found,H6
2.4,0.8754687373538999,1994,-84.0,168.0,Found,L5
55.5,4.0163830207523885,1990,-76.26756,156.43022,Found,L6
51.33,3.9382753765722116,2006,26.37817,26.8505,Found,H6
40.21,3.6941157209091826,1988,-72.0,26.0,Found,L6
66.0,4.189654742026425,1973,29.9,-112.68333,Found,L
23.4,3.152736022363656,1984,-76.98428,156.87774,Found,H5
3.17,1.1537315878891892,2002,-84.0,168.0,Found,L5
30.76,3.4262151446374434,2006,-72.77264,75.3422,Found,H5
451.8,6.113239604033903,2009,0.0,0.0,Found,LL6
314.6,5.751301990624177,1991,-85.66256,-68.32276,Found,L5
12.7,2.5416019934645457,2007,18.25222,53.99795,Found,H~5
2300.0,7.7406644019172415,1942,42.93333,-100.75,Found,L4
22.39,3.1086144306106633,2002,-85.63333,-68.7,Found,H5
8.36,2.1234584270966104,2003,-72.774722,75.330556,Found,H5
13.74,2.620311286794203,1998,0.0,0.0,Found,H6
27.08,3.298795448044074,2000,-79.68333,155.75,Found,L5
62.0,4.127134385045092,2001,18.45833,54.57167,Found,H5
22.2,3.100092288878234,1997,-84.0,168.0,Found,L6
229.5,5.4359030295006,2009,53.9329,-112.977,Found,H4
3.05,1.1151415906193203,1979,-71.5,35.66667,Found,L5
3.3,1.1939224684724346,1988,-84.24832,161.45039,Found,L6
0.4,-0.916290731874155,1987,-84.34673,161.47977,Found,Howardite
52.7,3.9646154555473165,1987,-76.03853,156.1062,Found,L5
117.3,4.76473475565943,1991,-30.16867,126.28717,Found,L6
2.13,0.7561219797213337,2003,-72.77306,75.345,Found,H5
2.69,0.9895411936137477,1974,-71.5,35.66667,Found,H5
545.71,6.302087699111328,1988,-72.0,26.0,Found,H3
2750.0,7.919356190660617,1961,-37.75,140.3,Found,L6
1010.0,6.917705609835305,1995,28.47517,13.19633,Found,LL4
0.8,-0.2231435513142097,2009,0.0,0.0,Found,CO3
56.3,4.030694535145645,1997,-84.0,168.0,Found,LL5
6.82,1.9198594718553708,1998,0.0,0.0,Found,H4
233.16,5.451724913177349,1988,-72.0,26.0,Found,L6
15.5,2.740840023925201,1990,-72.95488,160.47328,Found,H3-5
180.2,5.194067345174237,1977,-76.71667,159.66667,Found,H5
2.73,1.0043016091968684,2001,-79.68333,155.75,Found,Eucrite-unbr
68.0,4.219507705176107,1991,42.29111,-88.62556,Found,L6
3436.0,8.142063283104147,2002,20.55617,57.31,Found,L4
1.1,0.09531017980432493,1994,-84.0,168.0,Found,L6
290000.0,12.577636201962656,1883,33.9,-101.75,Found,H6
670.0,6.507277712385012,2011,20.38848,57.00298,Found,H5
1311.0,7.1785454837637,1979,-71.5,35.66667,Found,L4
403.91,6.001192080866493,1988,-72.0,26.0,Found,L6
80.1,4.383275854074314,2008,19.61122,55.22913,Found,H4
0.6,-0.5108256237659907,1994,-84.0,168.0,Found,L6
3.0,1.0986122886681098,1992,-76.07912,156.05916,Found,L6
176.28,5.172073639973786,1998,18.1536,53.77487,Found,H5
1.63,0.4885800148186709,1979,-71.5,35.66667,Found,L6
613.2,6.418691146997659,1995,-85.66667,175.0,Found,Eucrite-br
38.61,3.653511310276145,1979,-71.5,35.66667,Found,LL6
52.0,3.9512437185814275,1993,-84.0,168.0,Found,L5
235.9,5.463407986413629,1999,-84.0,168.0,Found,L5
5.03,1.6154199841116479,2003,-72.99556,75.22056,Found,L6
13.8,2.624668592163159,1998,-86.71667,-141.5,Found,H6
3.7,1.308332819650179,1987,-84.25397,161.4394,Found,H6
71.3,4.26689632742025,2009,0.0,0.0,Found,LL6
1.6,0.47000362924573563,1999,-84.0,168.0,Found,LL5
27.2,3.3032169733019514,1988,-84.29382,161.3224,Found,H6
15.1,2.714694743820879,2010,0.0,0.0,Found,L6
13.85,2.6282852326333477,2000,-79.68333,155.75,Found,LL6
2843.0,7.952615111651,1979,-76.33,157.24278,Found,Diogenite
216.0,5.375278407684165,1990,27.65,4.03333,Found,LL4/5
37.7,3.629660094453965,2008,0.0,0.0,Found,LL5
2.86,1.0508216248317612,1986,-71.5,35.66667,Found,C
10.1,2.312535423847214,2000,-79.68333,159.75,Found,H6
320.0,5.768320995793772,2003,25.7561,0.26792,Found,H5
488.9,6.1921579695846,2008,18.97655,54.40382,Found,LL5
388.0,5.961005339623274,2008,18.46117,54.36633,Found,Ureilite
35.5,3.56953269648137,2010,0.0,0.0,Found,L3
229.46,5.435728722370997,2010,20.51112,55.83792,Found,H5
158.0,5.062595033026967,1999,26.97083,16.38567,Found,L6
2.6,0.9555114450274363,1990,-76.27494,156.38615,Found,L6
9.63,2.2648832258100344,1986,-71.5,35.66667,Found,H4
502.0,6.218600119691729,1998,27.35517,16.2035,Found,L6
9.84,2.286455711064162,1998,0.0,0.0,Found,H5
1190.0,7.081708586105575,1998,26.91633,16.67483,Found,H5
188.0,5.236441962829949,2010,0.0,0.0,Found,LL4
2700.0,7.90100705199242,1868,26.16667,90.6,Found,Ureilite
23.0,3.1354942159291497,2007,0.0,0.0,Found,LL6
123.35,4.815025842975365,1988,-72.0,26.0,Found,L6
1313.4,7.180374473756872,2006,0.0,0.0,Found,H6
5.2,1.6486586255873816,2000,-79.68333,159.75,Found,LL4
78.43,4.362206507224575,2006,-72.78111,75.29861,Found,L6
2200.0,7.696212639346407,1950,34.11667,-101.78333,Found,H
590.0,6.380122536899765,1994,28.988,13.06133,Found,H6
35.0,3.5553480614894135,1997,27.20567,16.371,Found,CV3
318.7,5.764250221423291,1988,-84.21667,160.5,Found,L6
31.6,3.4531571205928664,1992,-76.05237,156.01825,Found,CR2
14.2,2.653241964607215,2009,0.0,0.0,Found,LL6
30.0,3.4011973816621555,1988,-84.21667,160.5,Found,L6
48.47,3.8809450498572846,1988,-72.0,26.0,Found,CM2
7.8,2.0541237336955462,1983,-76.28361,157.23222,Found,L6
15.99,2.771963526845863,1979,-71.5,35.66667,Found,LL
10000.0,9.210340371976184,1857,33.33333,-84.1,Found,"Iron, IIAB"
38.05,3.6389010843076948,1999,27.04306,16.41167,Found,L5
61.03,4.111365546556404,2010,20.50422,55.8291,Found,LL6
193.0,5.262690188904886,2007,-85.167,-94.75,Found,H6
580.0,6.363028103540465,2011,0.0,0.0,Found,LL6
6.4,1.8562979903656263,1985,-84.28333,161.08333,Found,H6
6.4,1.8562979903656263,1979,-71.5,35.66667,Found,H6
117.5,4.7664383335842135,1978,-76.71667,159.66667,Found,L3.4
61.31,4.115942961774596,2010,21.34422,55.45513,Found,H3-6
5.41,1.6882490928583902,1998,0.0,0.0,Found,H4
1.99,0.688134638736401,1979,-71.5,35.66667,Found,H4
453.6,6.117215752413542,1999,-76.71667,159.66667,Found,H6
35.09,3.5579161895951237,1998,0.0,0.0,Found,H4
700000.0,13.458835614025542,1749,54.9,91.8,Found,"Pallasite, PMG-an"
36.89,3.607940511608584,1979,-71.5,35.66667,Found,LL
20.58,3.0243197304059035,1974,0.0,35.66667,Found,H6
4.5,1.5040773967762742,1984,-71.5,35.66667,Found,H4
1.2,0.1823215567939546,1995,-72.95472,160.40889,Found,H6
0.93,-0.07257069283483537,1979,-71.5,35.66667,Found,E3
4.4,1.4816045409242156,1999,34.125,-115.56333,Found,L4
0.6,-0.5108256237659907,2009,0.0,0.0,Found,L6
2.2,0.7884573603642703,1997,-84.0,168.0,Found,LL5
362.4,5.892748574168825,2007,0.0,0.0,Found,L6
220.4,5.39544407727876,1990,-76.18333,157.16667,Found,L6
94000.0,11.451050061252142,1935,32.0,-86.0,Found,"Iron, IIAB"
46.98,3.849721979230767,2005,19.88368,56.33967,Found,L5
6.7,1.9021075263969205,1991,-85.65116,-68.58636,Found,L4
1.95,0.6678293725756554,1975,-71.5,35.66667,Found,L6
13.1,2.5726122302071057,1993,-84.0,168.0,Found,H5
415.0,6.028278520230698,1996,27.19583,16.01317,Found,H5
12.07,2.4907230351094403,1982,-71.5,35.66667,Found,L6
7.92,2.0693912058263346,1977,-76.71667,159.66667,Found,H5
191.0,5.25227342804663,2010,-25.23333,-69.71667,Found,H4
535.1,6.282453645317259,1987,-76.04887,156.35829,Found,H6
1033.0,6.940222469119639,2003,20.72777,57.18842,Found,H4-5
14.4,2.667228206581955,1987,-76.28188,156.45674,Found,L6
24.56,3.2011191032789417,1979,-71.5,35.66667,Found,L6
3.91,1.3635373739972745,1998,0.0,0.0,Found,L6
140.16,4.9427846271880815,1988,-72.0,26.0,Found,H4
131.5,4.879006851617819,2002,21.03908,57.31017,Found,L4
5.4,1.6863989535702288,2002,26.5,-10.5,Found,L6
955.0,6.86171134048073,2005,27.49583,16.25833,Found,L6
27.4,3.3105430133940246,1988,-76.72683,158.71811,Found,H5
2045.0,7.623153068476902,1991,27.52472,3.80972,Found,H6
8.9,2.186051276738094,2002,-85.68623,-68.81845,Found,LL5
3.19,1.1600209167967532,1979,-71.5,35.66667,Found,L6
14.8,2.6946271807700692,1993,-84.237,161.51187,Found,L6
67.01,4.20484186198508,1988,-72.0,26.0,Found,H3.6
401.9,5.9962033014551555,2002,-85.63333,-68.7,Found,L5
3.8,1.33500106673234,1999,-84.0,168.0,Found,LL5
12.9,2.5572273113676265,2011,-24.85,-70.53333,Found,H4
64.18,4.161691635681711,1979,-71.5,35.66667,Found,H4
20.63,3.0267463270831603,1998,0.0,0.0,Found,L6
25.6,3.242592351485517,1996,-76.18333,157.16667,Found,L6
12.92,2.558776498354456,2001,19.11285,54.81877,Found,Ureilite
412.8,6.022963214167353,2010,20.53738,56.98917,Found,H5
5.4,1.6863989535702288,1986,-84.2737,161.69157,Found,L6
28.8,3.3603753871419,2010,0.0,0.0,Found,LL6
9.9,2.2925347571405443,1979,-71.5,35.66667,Found,L4
2.32,0.8415671856782185,1986,-71.5,35.66667,Found,H4
35.37,3.5658640032173894,2001,19.06285,54.49708,Found,H3
30.5,3.417726683613366,1990,-76.28378,156.45397,Found,L6
18.57,2.9215473753646144,2006,-72.77778,75.31028,Found,H5
25.67,3.245322994883049,1988,-72.0,26.0,Found,H5
16.0,2.772588722239781,1997,27.26683,16.06683,Found,H4
265.6,5.5819914176022785,2009,0.0,0.0,Found,L5
16700.0,9.723163998404846,1962,43.56333,-97.58333,Found,Mesosiderite-A3
21.25,3.056356895370426,1988,-72.0,26.0,Found,H3.8
36.0,3.58351893845611,1999,-84.0,168.0,Found,H6
7.17,1.969905654611529,1986,-71.5,35.66667,Found,EH-imp melt
115.5,4.749270529961848,2009,0.0,0.0,Found,Diogenite
2878.0,7.964850887447313,2002,19.165,54.77667,Found,H4
1.4,0.3364722366212129,1988,-84.27834,161.42372,Found,L6
2700.0,7.90100705199242,1942,37.28333,-102.2,Found,H5
37.7,3.629660094453965,1993,-30.41667,129.85,Found,L4
423.0,6.0473721790462776,2012,0.0,0.0,Found,H4
628.0,6.4425401664681985,1995,27.1585,16.03133,Found,H5
31.8,3.459466289786131,1977,-76.71667,159.66667,Found,H6
132.0,4.882801922586371,1996,27.1135,16.143,Found,H5/6
30.7,3.4242626545931514,2010,0.0,0.0,Found,L5
5.67,1.7351891177396608,1979,-71.5,35.66667,Found,L3
15.4,2.7343675094195836,2004,0.0,0.0,Found,H6
422.0,6.045005314036012,1997,27.15517,16.2825,Found,L6
18.5,2.917770732084279,1990,-76.2773,156.40184,Found,L6
15.1,2.714694743820879,1987,-76.28477,156.45277,Found,L6
7.7,2.0412203288596382,1992,-76.04009,156.04951,Found,CR2
7.4,2.0014800002101243,1974,-71.5,35.66667,Found,L6
14.7,2.6878474937846906,1999,-84.0,168.0,Found,LL5
718.0,6.576469569048224,1997,27.42383,16.34,Found,H5
2.26,0.8153648132841944,1981,-71.5,35.66667,Found,L4
7.7,2.0412203288596382,1993,-84.0,168.0,Found,L5
61.0,4.110873864173311,2005,19.95952,56.42197,Found,Mesosiderite
6.7,1.9021075263969205,1990,-76.2854,156.4859,Found,L6
5.4,1.6863989535702288,1987,-84.27329,161.70185,Found,H5
12.55,2.529720665577793,2002,-84.21667,160.5,Found,H5
19.39,2.9647574692545606,2000,-79.68333,155.75,Found,LL6
40.22,3.6943643843445058,2011,0.0,0.0,Found,Eucrite-pmict
2.0,0.6931471805599453,2009,0.0,0.0,Found,L-imp melt
0.79,-0.23572233352106983,1974,-71.5,35.66667,Found,H5
106.0,4.663439094112067,2002,-86.36667,-70.0,Found,LL5
9608.0,9.170351363759819,2002,27.67817,4.46533,Found,L5
0.46,-0.7765287894989963,2003,-72.98389,75.24639,Found,L6
282.4,5.643324505619087,1991,-85.09565,-65.43677,Found,L5
5420.0,8.597851094433691,2000,26.01667,25.73333,Found,H
21.4,3.0633909220278057,1990,-76.28599,156.44997,Found,H5
535.9,6.283947576500805,1980,-76.77389,159.27611,Found,L6
0.81,-0.21072103131565253,1979,-71.5,35.66667,Found,H5
170.0,5.135798437050262,1995,28.62617,13.40067,Found,L6
5.06,1.6213664832993742,2002,-84.0,168.0,Found,LL4
13431.0,9.505320746909074,1990,29.06667,12.68333,Found,H6
6.8,1.916922612182061,1997,-84.0,168.0,Found,Diogenite
2.74,1.007957920399979,1979,-71.5,35.66667,Found,H6
1.16,0.14842000511827322,1979,-71.5,35.66667,Found,L6
4.6,1.5260563034950492,1979,-71.5,35.66667,Found,H4
26.42,3.2741212990941793,1998,0.0,0.0,Found,H4
2275.0,7.729735331385051,2010,20.05473,56.46193,Found,LL3.3
10.6,2.3608540011180215,1987,-84.25404,161.38367,Found,H5
44.6,3.7977338590260183,1982,-77.04237,157.25116,Found,Ureilite
6800.0,8.824677891164198,1955,33.68333,-93.6,Found,"Iron, IAB-MG"
3.93,1.3686394258811698,1990,-72.95556,160.44775,Found,H5
21000.0,9.95227771670556,1962,52.5,77.0,Found,CV3
9.9,2.2925347571405443,1984,-76.67395,159.32548,Found,H5
110.3,4.703203926259457,1999,-84.0,168.0,Found,H6
7.72,2.0438143640366846,1977,-76.71667,159.66667,Found,H5
0.7,-0.35667494393873245,1999,-84.0,168.0,Found,LL5
52600.0,10.870471398725801,1909,30.7,-105.5,Found,"Pallasite, PMG"
4.47,1.4973884086254774,2003,-72.773889,75.339444,Found,L5
5.42,1.6900958154515549,1998,0.0,0.0,Found,H6
0.76,-0.2744368457017603,1975,-71.5,35.66667,Found,LL6
27.4,3.3105430133940246,2009,0.0,0.0,Found,LL6
2.8,1.0296194171811581,1991,-84.55657,-61.99592,Found,H5
29.64,3.389124800427886,2006,-72.94083,75.29583,Found,L5
108.0,4.68213122712422,1999,27.0,16.38333,Found,L4
32.9,3.493472657771326,2000,-79.68333,155.75,Found,LL6
213.9,5.36550861608836,1984,-76.89987,156.97472,Found,L6
1.82,0.598836501088704,2011,19.66005,55.70383,Found,H5
15.5,2.740840023925201,2009,0.0,0.0,Found,L6
6.3,1.840549633397487,1994,-76.71667,159.66667,Found,H6
2000.0,7.600902459542082,1971,38.69667,-99.70833,Found,L6
176.7,5.174453379325651,1998,0.0,0.0,Found,L6
10.12,2.3145136638593193,1979,-71.5,35.66667,Found,LL5/6
5.87,1.7698546338400052,1998,0.0,0.0,Found,LL-melt breccia
37.9,3.634951112088381,1990,-76.28111,156.41951,Found,L6
21.0,3.044522437723423,1993,-84.57949,162.61502,Found,H5
3.24,1.1755733298042381,1979,-71.5,35.66667,Found,E3
14.57,2.6789646202071133,1979,-71.5,35.66667,Found,H5
11.5,2.4423470353692043,2007,0.0,0.0,Found,L6
16.49,2.8027541365715076,2003,-72.93556,75.29833,Found,H5
141.8,4.954417614098027,1990,-76.27041,156.43293,Found,L6
0.69,-0.37106368139083207,2003,-72.77361,75.33722,Found,L6
375.1,5.927192657087842,2009,19.42197,56.69908,Found,H5
274.1,5.61349300330874,1990,-76.72511,159.19525,Found,LL6
123.64,4.817374117263916,2010,21.11333,55.54098,Found,L6
400.0,5.991464547107982,1932,63.73333,14.85,Found,"Iron, IAB-sLH"
7.2,1.9740810260220096,1984,-76.69405,159.38838,Found,H6
82.59,4.413888607822626,1988,-72.0,26.0,Found,H5
26.1,3.261935314328648,1990,-76.28281,156.50549,Found,L6
53.52,3.9800554158199732,1987,-72.0,26.0,Found,H4
12.9,2.5572273113676265,1998,-86.71667,-141.5,Found,H6
7.8,2.0541237336955462,2006,21.1683,58.39145,Found,L4
32.7,3.487375077903208,2007,0.0,0.0,Found,L6
7.3,1.9878743481543455,2000,-79.68333,159.75,Found,LL4
143.0,4.962844630259907,2011,19.04562,54.58178,Found,L6
101.18,4.61690110886379,2001,21.18697,57.20867,Found,H4/5
445.1,6.098298976021809,2006,0.0,0.0,Found,LL6
105.2,4.65586330030361,1988,-84.26684,161.3574,Found,H5
13.5,2.6026896854443837,1988,-84.23477,161.43281,Found,L6
19400.0,9.87302834505142,1937,41.41667,-99.1,Found,LL6
24000.0,10.085809109330082,1884,44.91667,-92.43333,Found,"Iron, ungrouped"
9200.0,9.126958763037132,1967,39.76667,-102.13333,Found,L5
1.13,0.12221763272424911,1979,-71.5,35.66667,Found,H6
744.3,6.612444179365865,1977,-76.71667,159.66667,Found,L3.5
23.53,3.158276202739271,1988,-72.0,26.0,Found,H4
7.94,2.0719132752590443,1986,-71.5,35.66667,Found,H4
197.71,5.286801310586789,2006,-72.91611,75.10028,Found,H3
5443.51,8.602179352372914,1987,-72.0,26.0,Found,L4
14.5,2.6741486494265287,2008,0.0,0.0,Found,H5
27.18,3.3024814087229974,2000,-79.68333,155.75,Found,L5
8.1,2.0918640616783932,1988,-84.23641,161.45106,Found,H4
256.0,5.545177444479562,2000,18.525,54.11667,Found,H5
2.9,1.0647107369924282,1994,-84.0,168.0,Found,L6
9500000.0,16.06680235657077,1958,25.1,107.7,Found,"Iron, IAB-MG"
28.3,3.342861804649192,1999,-84.0,168.0,Found,LL5
1.5,0.4054651081081644,1986,-71.5,35.66667,Found,L6
12.0,2.4849066497880004,2010,-24.85,-70.53333,Found,L6
17.4,2.856470206220483,2007,18.25435,53.99495,Found,L~6
5.01,1.6114359150967734,1979,-72.58333,31.25,Found,L6
5.39,1.6845453849209058,1998,0.0,0.0,Found,H5
2.1,0.7419373447293773,1994,-84.0,168.0,Found,H6
165.0,5.10594547390058,1991,27.54222,3.88444,Found,L5
19.1,2.9496883350525844,2003,-72.95414,160.44164,Found,H6
10.0,2.302585092994046,1990,-76.28897,156.46496,Found,L6
23410.0,10.060918560484957,1948,43.0,-107.16667,Found,L4
458.5,6.127960291696519,1990,-84.59612,162.30508,Found,L5
2.25,0.8109302162163288,2004,-72.99486,160.39028,Found,H3
15400.0,9.642122788401721,1920,36.38333,-79.86667,Found,"Iron, IIAB"
124.3,4.822697998516666,1993,-84.0,168.0,Found,H5
12000.0,9.392661928770137,2008,0.0,0.0,Found,"Iron, IAB-MG"
58.72,4.07278038430626,1988,-72.0,26.0,Found,H5
28.9,3.3638415951183864,1997,-84.26667,161.5,Found,H6
224.1,5.4120923808068815,2003,0.0,0.0,Found,L5
25.3,3.2308043957334744,1994,-84.0,168.0,Found,L6
376.0,5.929589143389895,1991,-85.68025,-68.66945,Found,H5
444.2,6.096274911460327,1994,-84.0,168.0,Found,L6
1.58,0.4574248470388755,1988,-72.0,26.0,Found,CO3
747.0,6.616065185132817,1995,28.6765,13.42767,Found,H5
15.3,2.72785282839839,2009,0.0,0.0,Found,EL6
39.86,3.685373314784649,2003,-72.7825,75.30056,Found,L6
14.3,2.6602595372658615,2001,-72.95194,160.50806,Found,H6
21.3,3.0587070727153796,1990,-76.28298,156.47846,Found,L6
1.3,0.26236426446749106,2007,0.0,0.0,Found,H6
4.89,1.5871923034867805,1990,-72.95341,160.51411,Found,H6
112.9,4.726502471155617,1999,-76.18333,157.16667,Found,H5
62.6,4.136765278106052,2001,-79.68333,159.75,Found,LL5
2.8,1.0296194171811581,1997,-84.0,168.0,Found,LL5
0.71,-0.342490308946776,1979,-71.5,35.66667,Found,E3
4.7,1.547562508716013,2009,0.0,0.0,Found,H6
146.0,4.983606621708336,1998,0.0,0.0,Found,L6
47.2,3.8543938925915096,2010,0.0,0.0,Found,H5
3.5,1.252762968495368,2011,-72.96663,160.52762,Found,H6
134.5,4.901564199041894,2010,0.0,0.0,Found,Eucrite-pmict
3536.0,8.170751423757535,2000,18.25167,54.19833,Found,L5
49.78,3.907613296939446,2003,-72.77361,75.32278,Found,L6
7.3,1.9878743481543455,2009,0.0,0.0,Found,LL6
70.5,4.255612709818223,1984,-76.90232,156.83867,Found,H5
17.8,2.8791984572980396,2009,0.0,0.0,Found,L6
603.7,6.403077385802381,2003,-72.773056,75.338056,Found,L6
166.55,5.1152955646396885,1988,-72.0,26.0,Found,Eucrite-mmict
26.1,3.261935314328648,2000,-79.68333,159.75,Found,L5
641.4,6.463653287259055,1995,-85.66667,175.0,Found,H5
25.0,3.2188758248682006,2008,0.0,0.0,Found,LL6
2.43,0.8878912573524571,2006,-72.998611,75.236111,Found,L6
2243.0,7.715569534520208,1979,-71.5,35.66667,Found,L4
6.09,1.8066480817218056,1986,-71.5,35.66667,Found,H4
104.2,4.646312129319266,1990,-76.28286,156.50181,Found,H6
223.6,5.409858741280944,1991,-85.68159,-68.77815,Found,Eucrite-br
17.0,2.833213344056216,2000,-79.68333,159.75,Found,CO3
43.0,3.7612001156935624,2008,19.98056,56.41206,Found,H4/5
75000.0,11.225243392518447,1982,41.81667,-103.36667,Found,L5
7.75,2.0476928433652555,1998,0.0,0.0,Found,H5
1.1,0.09531017980432493,1997,-84.0,168.0,Found,LL5
1136.3,7.035532648923963,1984,-76.75137,158.84018,Found,H5
5.72,1.7439688053917064,1986,-71.5,35.66667,Found,H4
1059.7,6.96574112818079,2003,19.27943,55.76672,Found,H~6
358.0,5.8805329864007,2008,0.0,0.0,Found,"Iron, ungrouped"
3.4,1.2237754316221157,1991,-85.69088,-68.52405,Found,L6
24.09,3.18179681662678,1988,-72.0,26.0,Found,H4
126.0,4.836281906951478,2005,33.40333,10.45833,Found,L4
23.1,3.139832617527748,1997,-84.0,168.0,Found,LL5
7800.0,8.961879012677683,1937,43.8,-96.16667,Found,L4
1031.0,6.93828448401696,2003,24.58025,-0.51863,Found,H6
28.35,3.3446270301737613,1986,-71.5,35.66667,Found,C
118.3,4.773223770984341,2002,-86.36667,-70.0,Found,LL5
37.5,3.624340932976365,1979,-71.5,35.66667,Found,H6
387.82,5.960541314454472,1988,-72.0,26.0,Found,H4
135.18,4.906607223672208,1979,-71.5,35.66667,Found,H6
15.9,2.766319109226186,1990,-76.27043,156.44332,Found,L6
23.83,3.170945291110651,2000,-79.68333,155.75,Found,H6
145.4,4.979488565099419,1984,-76.72618,158.71187,Found,H5
164.0,5.099866427824199,1999,27.0655,16.07983,Found,CO3
78.87,4.3678009274099,1979,-71.5,35.66667,Found,H5
42.24,3.743367639398006,1974,-71.5,35.66667,Found,H5
149.98,5.010501951873243,2010,20.33115,56.1962,Found,L5
1.9,0.6418538861723947,2009,0.0,0.0,Found,CO3
14.55,2.6775909936175015,2006,-72.77833,75.33028,Found,L6
11.2,2.4159137783010487,1991,-85.68767,-69.02217,Found,H5
13.12,2.574137783515943,1974,-71.5,35.66667,Found,H4
586.0,6.373319789577012,1979,-71.5,35.66667,Found,H3.7
1828.0,7.510977752014095,1994,29.2125,12.52183,Found,L6
29.9,3.3978584803966405,1990,-76.28151,156.45995,Found,L6
1.54,0.43178241642553783,2003,-72.778889,75.311111,Found,L6
92.7,4.529368472571809,2006,0.0,0.0,Found,L5
99.1,4.596129441335942,1997,-84.0,168.0,Found,H6
0.87,-0.13926206733350766,1986,-71.5,35.66667,Found,H4
212.85,5.360587692274161,1988,-72.0,26.0,Found,L6
133.8,4.896346147694128,2007,0.0,0.0,Found,H5
43.2,3.765840495250065,1993,-84.57659,162.0846,Found,L5
260.0,5.560681631015528,2010,20.0992,56.59838,Found,L4
18.6,2.9231615807191558,2003,-72.98389,75.24639,Found,L5
0.14,-1.9661128563728327,1975,-71.5,35.66667,Found,L6
510000.0,13.142166004700508,1864,27.71667,-0.25,Found,"Iron, IIIAB"
0.83,-0.18632957819149348,2006,-72.785,75.28333,Found,H5
238.0,5.472270673671475,2000,18.14,54.07,Found,L6
1.76,0.5653138090500605,2006,-72.78694,75.27278,Found,H5
332.4,5.806339062981293,2002,-86.36667,-70.0,Found,LL5
2106.0,7.652545692693921,2000,27.02583,16.36583,Found,Ureilite-pmict
142.0,4.955827057601261,2000,27.05383,16.4475,Found,H6
19.3,2.9601050959108397,2009,0.0,0.0,Found,L5
10.49,2.3504224224082058,1977,-76.71667,159.66667,Found,H4
11.8,2.468099531471619,1983,-76.29722,157.30528,Found,H5
1.33,0.28517894223366247,1979,-71.5,35.66667,Found,L4
24.6,3.202746442938317,1990,-76.26948,156.48461,Found,L6
41.7,3.730501128804756,2001,-79.68333,159.75,Found,LL5
22.8,3.126760535960395,1988,-72.0,26.0,Found,H5
833.0,6.725033642166843,2001,18.74498,54.198,Found,L5
23.45,3.1548704948922883,1982,-71.5,35.66667,Found,H5
11.31,2.425687290128029,1974,0.0,35.66667,Found,H6
15.3,2.72785282839839,1996,-76.18333,157.16667,Found,L6
62.71,4.138520924554929,2005,19.98272,56.40682,Found,H4
2.47,0.9042181506398859,2003,-72.890833,75.911111,Found,L5
2.68,0.9858167945227654,1982,-71.5,35.66667,Found,L6
31.6,3.4531571205928664,1981,-76.66816,159.29476,Found,H5
394.0,5.976350909297934,1990,27.58333,4.05,Found,L/LL6
0.45,-0.7985076962177716,2003,-72.98361,75.24583,Found,H5
2.21,0.7929925155296614,1979,-71.5,35.66667,Found,H5
777.7,6.656340845700898,1979,-71.5,35.66667,Found,LL
37.5,3.624340932976365,1994,-84.0,168.0,Found,L5
15.8,2.760009940032921,2001,-79.68333,159.75,Found,H6
179.1,5.187944309066666,1997,-84.0,168.0,Found,L6
1.8,0.5877866649021191,2001,-72.98944,160.40444,Found,H6
8.4,2.128231705849268,1978,-76.71667,159.66667,Found,H6
5.17,1.6428726885203377,1979,-71.5,35.66667,Found,LL6
10555.0,9.264354960282422,1977,-76.71667,159.66667,Found,"Iron, IAB-MG"
5.88,1.7715567619105355,1998,0.0,0.0,Found,H4
406.1,6.006599434692252,2003,-72.77833,75.33028,Found,L5
3.02,1.1052568313867783,2002,-84.21667,160.5,Found,H6
2.45,0.8960880245566357,1986,-71.5,35.66667,Found,H4
4.2,1.4350845252893227,1999,-84.0,168.0,Found,LL5
51.9,3.949318790171843,2000,27.54083,16.15783,Found,L6
236.2,5.464678903763262,1995,-86.45,-165.43333,Found,L6
7.3,1.9878743481543455,1988,-84.2859,161.3486,Found,H5
18.8,2.9338568698359038,2008,0.0,0.0,Found,H5
9.55,2.256541154492639,1986,-71.5,35.66667,Found,H4
78.0,4.356708826689592,2004,19.17017,54.56867,Found,H5
116.1,4.754451888703846,1974,0.0,35.66667,Found,H4
189.8,5.245970886175828,1998,0.0,0.0,Found,H6
0.28,-1.2729656758128873,1974,-71.5,35.66667,Found,H6
26.96,3.2943542860441064,1998,0.0,0.0,Found,L4
2700.0,7.90100705199242,1965,31.59333,-98.25,Found,OC
500.0,6.214608098422191,1960,19.83333,54.08333,Found,"Iron, IIIAB"
17.0,2.833213344056216,2001,-79.68333,159.75,Found,H6
5.9,1.7749523509116738,1999,-84.0,168.0,Found,LL5
11.2,2.4159137783010487,1993,-84.0,168.0,Found,H6
4680.0,8.451053388911692,2006,-72.935556,75.313056,Found,H5
49.42,3.900355200560464,1974,-71.5,35.66667,Found,Diogenite
34.2,3.5322256440685598,2006,0.0,0.0,Found,H6
6.85,1.9242486522741338,1979,-71.5,35.66667,Found,E4
17.2,2.8449093838194073,1987,-76.26971,156.47439,Found,L6
7.58,2.0255131996542803,1986,-71.5,35.66667,Found,H4
352.1,5.863915226161007,1979,-71.5,35.66667,Found,L4
16.65,2.8124102164264526,1998,0.0,0.0,Found,L6
2.4,0.8754687373538999,2011,-72.95293,160.45298,Found,H5
33.0,3.4965075614664802,1999,19.1275,54.83567,Found,H5
10.5,2.3513752571634776,1994,-84.0,168.0,Found,LL6
3.33,1.2029723039923526,2006,-72.77833,75.31861,Found,L6
6.4,1.8562979903656263,1986,-84.25579,161.41538,Found,H6
8.5,2.1400661634962708,2008,35.28638,-117.48305,Found,H4
0.6,-0.5108256237659907,2009,0.0,0.0,Found,H6
247.75,5.5124201732100975,1979,-71.5,35.66667,Found,H4
15.29,2.727199019940971,1998,0.0,0.0,Found,H6
53.8,3.9852734671677386,1990,-76.26611,156.43589,Found,L6
360.0,5.886104031450156,2008,0.0,0.0,Found,L4
3.97,1.3787660946990992,1974,0.0,35.66667,Found,H6
1.54,0.43178241642553783,2003,-72.97917,75.26167,Found,Mesosiderite
1.5,0.4054651081081644,1986,-71.5,35.66667,Found,H4
83.21,4.421367532912338,1998,0.0,0.0,Found,H6
23.65,3.1633631149379418,1998,0.0,0.0,Found,H4
21.7,3.077312260546414,1985,-84.26203,161.34716,Found,H6
2.0,0.6931471805599453,2007,0.0,0.0,Found,CO3
172.6,5.150976778649327,2008,0.0,0.0,Found,LL5
43.4,3.770459441106359,1990,-76.27509,156.42969,Found,L6
114.5,4.740574822994295,1985,-84.26719,161.36527,Found,Eucrite-pmict
17.9,2.884800712846709,1985,-76.84689,156.32119,Found,H5
160.09,5.075736157090003,2001,18.64482,54.00393,Found,H5
213.2,5.362230692291689,2002,-86.36667,-70.0,Found,LL5
187.79,5.2353243172201145,1998,0.0,0.0,Found,L6
108500.0,11.594505451962652,1814,49.0,21.0,Found,"Iron, IIIAB"
41.3,3.720862499966987,2003,-72.70225,160.33747,Found,H6
157.4,5.058790335983303,1990,-84.59412,162.30082,Found,L5
1276.0,7.151485463904735,1978,-76.26667,159.25,Found,L6
22.9,3.131136910560194,1986,-84.25846,161.34923,Found,H6
26.26,3.26804686887465,1987,-72.0,26.0,Found,LL4
45.0,3.8066624897703196,2010,0.0,0.0,Found,LL3.8
6.38,1.8531680973566984,1998,0.0,0.0,Found,L6
199.0,5.293304824724492,1998,-87.03333,-148.0,Found,L6
5.5,1.7047480922384253,1997,-84.0,168.0,Found,LL5
1.7,0.5306282510621704,1993,-84.0,168.0,Found,L6
41.3,3.720862499966987,2003,0.0,0.0,Found,L5
11.7,2.4595888418037104,1996,-76.18333,157.16667,Found,H5
0.4,-0.916290731874155,1974,-71.5,35.66667,Found,H
4.4,1.4816045409242156,1999,-84.0,168.0,Found,LL5
1.31,0.2700271372130602,2003,-72.77833,75.3025,Found,L5
222.8,5.406274508053129,1979,-71.5,35.66667,Found,L6
6.64,1.8931119634883424,2002,-85.63333,-68.7,Found,L6
303.4,5.715052066914432,2007,0.0,0.0,Found,L6
7.0,1.9459101490553132,1988,-84.26905,161.42376,Found,H6
159.59,5.072608026411095,2005,19.81463,56.44852,Found,L5
0.78,-0.2484613592984996,1979,-71.5,35.66667,Found,E3
100.55,4.610655116218661,1988,-72.0,26.0,Found,H5
72.0,4.276666119016055,1998,27.30417,16.32217,Found,H5
107000.0,11.580584113444043,1967,28.11667,0.53333,Found,L6
119.0,4.77912349311153,2011,0.0,0.0,Found,LL6
6.74,1.9080599249242156,1988,-76.71667,159.33333,Found,H5
4.24,1.4445632692438664,1979,-71.5,35.66667,Found,H4
4.04,1.3962446919730587,1979,-71.5,35.66667,Found,H4
9.7,2.272125885509337,1987,-84.34528,161.37865,Found,L6
40.07,3.6906279246480533,1979,-71.5,35.66667,Found,L6
71.3,4.26689632742025,1992,-76.04583,156.19073,Found,L6
181.3,5.200153117760806,1977,-76.71667,159.66667,Found,CO3.0
121.26,4.797937000643585,2000,-79.68333,155.75,Found,L6
292.0,5.676753802268282,1991,27.57806,4.36917,Found,H5
134.0,4.897839799950911,1997,27.15217,16.05683,Found,H6
810.4,6.697527952934474,2007,0.0,0.0,Found,H4
160.1,5.075798620002669,2010,26.01043,-10.33618,Found,L3
6.5,1.8718021769015913,1983,-76.69944,159.39056,Found,H5
175.6,5.168208681201016,1988,-84.21667,160.5,Found,H6
2.0,0.6931471805599453,2007,0.0,0.0,Found,H5
34200.0,10.439980923050696,2005,34.7345,-114.21717,Found,L6
27.85,3.326832966373293,1979,-71.5,35.66667,Found,L4
56.09,4.026957543520246,1979,-71.5,35.66667,Found,LL6
12.6,2.533696813957432,1988,-84.27698,161.353,Found,L5
3.4,1.2237754316221157,1993,-84.57606,162.5666,Found,H5
36.8,3.6054978451748854,2000,-79.68333,159.75,Found,H6
565.0,6.336825731146441,2011,-24.68333,-69.76667,Found,L6
7.18,1.9712993830601329,1979,-71.5,35.66667,Found,LL
4.3,1.4586150226995167,1978,-76.71667,159.66667,Found,H5
1.3,0.26236426446749106,1997,-84.0,168.0,Found,LL5
89.0,4.48863636973214,1999,19.16633,54.74333,Found,L6
74.2,4.3067641501733345,2011,0.0,0.0,Found,Howardite
0.5,-0.6931471805599453,1990,-76.26952,156.4466,Found,L6
7.2,1.9740810260220096,1988,-84.2872,161.38448,Found,L6
98.9,4.594109238628667,1997,-84.0,168.0,Found,H6
24.4,3.1945831322991562,1993,-84.0,168.0,Found,L5
3.3,1.1939224684724346,1999,-84.0,168.0,Found,LL5
10.3,2.33214389523559,1981,-76.68583,159.33889,Found,H5
36.0,3.58351893845611,1994,-84.0,168.0,Found,L6
4.41,1.4838746894587547,1979,-71.5,35.66667,Found,H5
90.38,4.504023003983134,1998,0.0,0.0,Found,H5
28.88,3.3631493140246254,1998,0.0,0.0,Found,H4
552.0,6.313548046277095,2000,19.1275,54.77533,Found,L6
2.0,0.6931471805599453,2009,0.0,0.0,Found,H6
199.0,5.293304824724492,1995,27.08683,16.17483,Found,H5
37.0,3.6109179126442243,1987,-84.27247,161.71806,Found,H5
592.6,6.384519635139465,2002,-86.36667,-70.0,Found,LL5
11.14,2.410542234499138,1982,-71.5,35.66667,Found,L5
130.0,4.867534450455582,1999,27.16667,-9.5,Found,H4
8.88,2.1838015570040787,1986,-71.5,35.66667,Found,H4
942.1,6.848111426054622,2005,19.93065,56.08387,Found,H4
13.8,2.624668592163159,2009,0.0,0.0,Found,L5
8.3,2.1162555148025524,1991,-72.95488,160.47328,Found,H4/5
5.95,1.7833912195575383,1986,-71.5,35.66667,Found,H4
246.0,5.5053315359323625,2000,18.65233,54.73462,Found,H5
7.79,2.052840859882657,1983,-71.5,35.66667,Found,H4
213.51,5.36368366997929,1988,-72.0,26.0,Found,L4
145.5,4.980176086611547,2006,0.0,0.0,Found,H5
75.6,4.3254562831854875,2006,-72.977222,75.258611,Found,L5
41.6,3.728100167267218,2010,0.0,0.0,Found,H6
58.0,4.060443010546419,2011,0.0,0.0,Found,LL4
292.0,5.676753802268282,1986,29.26806,11.70528,Found,L6
23.0,3.1354942159291497,2000,-79.68333,159.75,Found,LL5
104.0,4.6443908991413725,1991,-30.1755,130.089,Found,L6
93.6,4.539030383483547,2011,19.06683,55.55342,Found,L6
0.1,-2.3025850929940455,1987,-84.34532,161.47809,Found,Aubrite
330.6,5.8009091853869235,1978,-76.71667,159.66667,Found,H4
104.5,4.6491870714048655,2003,19.34395,55.74462,Found,L~5
8.3,2.1162555148025524,1986,-84.25107,161.35765,Found,LL6
8.01,2.080690761080268,1979,-71.5,35.66667,Found,H6
71.6,4.2710950739666,2009,0.0,0.0,Found,L5
113.1,4.728272383122075,2008,0.0,0.0,Found,LL6
19.49,2.9699015135194693,1979,-71.5,35.66667,Found,H3.7
13.0,2.5649493574615367,1979,-71.5,35.66667,Found,H6
14.8,2.6946271807700692,1998,-86.71667,-141.5,Found,L6
4000.0,8.294049640102028,1988,-80.06667,156.38333,Found,"Iron, IIAB"
26.99,3.2954664270299134,1979,-71.5,35.66667,Found,LL
170.69,5.139849045776241,1979,-71.5,35.66667,Found,CO3
58.1,4.062165663857866,1997,-84.0,168.0,Found,LL5
3.5,1.252762968495368,1986,-84.25504,161.41864,Found,L4
13.9,2.631888840136646,1985,-76.71667,159.66667,Found,R3.6
4.0,1.3862943611198906,2010,0.0,0.0,Found,H6
5.11,1.631199404215613,2006,-72.78278,75.3244,Found,H5
152.8,5.02912987673242,1980,-76.76111,159.34417,Found,H5
15.8,2.760009940032921,1987,-84.25369,161.40946,Found,H6
370.0,5.91350300563827,2007,-85.167167,-94.67517,Found,L5
886.3,6.787055493744353,2005,19.96765,56.47965,Found,L6
20000.0,9.903487552536127,1834,31.55,-87.51667,Found,"Iron, IAB-ung"
5.89,1.7732559976634952,1998,0.0,0.0,Found,L4
1998.0,7.599901959208498,1995,28.475,12.9465,Found,Ureilite
43.14,3.76445064096101,2005,20.58513,56.14733,Found,H4
12.4,2.517696472610991,2000,-79.68333,159.75,Found,L5
318.6,5.763936397475948,2011,19.65395,54.2377,Found,H5
34.12,3.5298837226234783,1988,-72.0,26.0,Found,H4
19.2,2.954910279033736,1997,-84.0,168.0,Found,L6
58.95,4.07668962698338,1988,-72.0,26.0,Found,H4
1079.28,6.984049431130561,1988,-72.0,26.0,Found,L4
55.0,4.007333185232471,1992,27.59139,3.98806,Found,L5
97000.0,11.48246625748552,1954,-14.3675,-43.02278,Found,"Iron, IIIAB"
1.77,0.5709795465857378,1993,-72.98167,160.43778,Found,H3.2
180.08,5.193401196598477,1988,-72.0,26.0,Found,H4
58.0,4.060443010546419,2001,18.32833,54.035,Found,H5
7.7,2.0412203288596382,1993,-84.57559,162.56586,Found,H6
5.09,1.6272778305624314,1979,-71.5,35.66667,Found,H4/5
5496.0,8.611775833902186,1999,20.9655,57.32083,Found,H5
10.61,2.3617969526258915,1988,-72.0,26.0,Found,H6
1.7,0.5306282510621704,1993,-84.0,168.0,Found,H6
18.3,2.9069010598473755,1997,-84.0,168.0,Found,LL5
0.77,-0.2613647641344075,2006,-72.781944,75.300556,Found,L5
93.2,4.534747721691546,1987,-84.354,161.38306,Found,H5
37.06,3.6125382208572137,2000,-79.68333,155.75,Found,L5
13000.0,9.472704636443673,1972,37.06667,-98.66167,Found,L6
5.8,1.7578579175523736,1990,-76.28392,156.47398,Found,L6
213.4,5.363168338867653,2006,0.0,0.0,Found,H5
202.0,5.308267697401205,2010,0.0,0.0,Found,CV3
474.0,6.161207321695077,1989,21.55,1.68333,Found,H5
7.04,1.951608170169951,1977,-76.71667,159.66667,Found,H5
1.73,0.5481214085096876,1979,-71.5,35.66667,Found,H4/5
452.6,6.115008733199437,2009,0.0,0.0,Found,Martian (nakhlite)
62.0,4.127134385045092,2001,19.11167,54.82833,Found,H6
1.3,0.26236426446749106,1991,-72.9548,160.49243,Found,L7
3.0,1.0986122886681098,1988,-84.25439,161.3875,Found,H6
30.0,3.4011973816621555,2003,19.045,54.39333,Found,L/LL6
13.0,2.5649493574615367,2010,0.0,0.0,Found,LL6
43.0,3.7612001156935624,1991,29.73972,4.22139,Found,H5/6
14.15,2.649714624089247,1979,-71.5,35.66667,Found,H4/5
90000.0,11.407564949312402,1961,19.83333,51.25,Found,H5
27.1,3.299533727885655,1994,-84.0,168.0,Found,L5
21.6,3.0726933146901194,1999,-84.0,168.0,Found,H6
4.07,1.4036429994545037,1998,0.0,0.0,Found,LL-melt breccia
25.3,3.2308043957334744,1997,-84.0,168.0,Found,LL5
72.2,4.279440045898781,1992,-76.2201,158.37606,Found,L6
236.0,5.4638318050256105,1991,-25.73333,142.95,Found,LL6
8.1,2.0918640616783932,2009,0.0,0.0,Found,LL5
18.2,2.9014215940827497,1973,33.71667,-103.65,Found,L6
173.0,5.153291594497779,2011,32.76277,9.86542,Found,H6
1.85,0.6151856390902335,1975,-71.5,35.66667,Found,L6
8.41,2.1294214739848565,1974,-71.5,35.66667,Found,H6
36.8,3.6054978451748854,2007,18.24983,53.99637,Found,L~6
53.25,3.9749978045895347,1987,-72.0,26.0,Found,L6
29.9,3.3978584803966405,1991,-85.66561,-68.30703,Found,EH3
82.19,4.409033640160408,1998,0.0,0.0,Found,H4
4.77,1.5623463049002497,1979,-71.5,35.66667,Found,H5
11.08,2.405141681319138,1998,0.0,0.0,Found,H4
17.81,2.87976009730157,2003,-72.94861,75.265,Found,L6
1.2,0.1823215567939546,1993,-84.0,168.0,Found,L5
1.19,0.17395330712343798,2002,-84.21667,160.5,Found,H5
61.13,4.113002744040634,2006,21.3623,58.41178,Found,LL3-5
682.0,6.525029657843462,1990,27.63333,4.3,Found,H5
4.96,1.601405740736836,2000,-79.68333,155.75,Found,"Iron, IIIAB"
48.5,3.8815637979434374,1993,-84.59234,162.23514,Found,L5
15.3,2.72785282839839,1994,-84.0,168.0,Found,H5
237.0,5.4680601411351315,1991,27.56111,4.05556,Found,H6
5.71,1.742219023667919,1979,-71.5,35.66667,Found,H5
873.0,6.771935555839602,2001,27.76667,4.01667,Found,L5
17.9,2.884800712846709,2009,0.0,0.0,Found,LL5
8.3,2.1162555148025524,1988,-84.2527,161.41326,Found,H6
117.49,4.766353223579481,1988,-72.0,26.0,Found,H4
30000.0,10.308952660644293,2002,25.4075,0.13639,Found,L4
843.0,6.736966958001855,1996,28.62217,13.3205,Found,L5
1.33,0.28517894223366247,2006,-72.774722,75.34,Found,H5
31.4,3.4468078929142076,1988,-84.21667,160.5,Found,H5
64.14,4.161068194265009,1984,-71.5,35.66667,Found,H4
28600.0,10.261161996807944,1903,30.0,-109.66667,Found,"Iron, IIIAB"
376.0,5.929589143389895,2000,27.13333,16.01667,Found,H5
59.1,4.079230924412053,1987,-76.28283,156.43624,Found,L6
896.9,6.798944373123957,1996,-79.68333,159.75,Found,L6
24500.0,10.106428396532818,1971,27.0,-105.25,Found,H4
29.9,3.3978584803966405,1999,-84.0,168.0,Found,LL5
14.1,2.6461747973841225,1986,-84.27855,161.6194,Found,H5
226.98,5.424861907872993,1988,-72.0,26.0,Found,L6
3.5,1.252762968495368,1997,-84.0,168.0,Found,LL5
9.0,2.1972245773362196,1987,-76.18333,157.16667,Found,L6
2500.0,7.824046010856292,1874,-25.0,-69.5,Found,"Iron, IIIE"
49.33,3.8985324152456466,2002,19.99743,56.41067,Found,L6
2900.0,7.9724660159745655,2000,-23.18333,-70.43333,Found,L5
1.2,0.1823215567939546,1999,-84.0,168.0,Found,LL5
22.63,3.119276459645446,2006,-72.935,75.314167,Found,H6
16.6,2.8094026953624978,1991,-85.68066,-68.35374,Found,H5
10.39,2.340843805111136,1979,-71.5,35.66667,Found,H4
17700.0,9.78131991856192,1981,34.60667,-101.76667,Found,H6
81200.0,11.304670526149769,1887,31.91667,-98.03333,Found,"Iron, IAB-sLM"
4.6,1.5260563034950492,2011,-30.99311,131.33253,Found,L5
1.7,0.5306282510621704,1999,-84.0,168.0,Found,LL5
4.63,1.5325568680981427,1986,-71.5,35.66667,Found,L6
28.1,3.3357695763397,2000,-79.68333,155.75,Found,H6
1.36,0.3074846997479607,2010,21.23162,55.52112,Found,L6
20.71,3.030616675407493,1998,0.0,0.0,Found,Eucrite
36.9,3.6082115510464816,2007,0.0,0.0,Found,L5
33.0,3.4965075614664802,2001,0.0,0.0,Found,L5
6.8,1.916922612182061,2007,0.0,0.0,Found,L5
194.68,5.271357184965254,1979,-71.5,35.66667,Found,H5
3.88,1.355835153635182,1975,-71.5,35.66667,Found,L6
1.6,0.47000362924573563,1997,-84.0,168.0,Found,LL5
2.0,0.6931471805599453,1979,-71.5,35.66667,Found,H4
2150.0,7.673223121121708,1857,34.5,-82.03333,Found,"Iron, ungrouped"
615.0,6.421622267806518,1989,21.6,1.45,Found,H5
63.5,4.151039905898646,2009,0.0,0.0,Found,L6
18.88,2.9381031607173544,2006,-72.98306,75.25778,Found,H6
914.0,6.81783057145415,1971,-29.58333,121.16667,Found,H6
35.7,3.5751506887855933,1984,-76.85453,158.50622,Found,Aubrite
495.0,6.20455776256869,2009,0.0,0.0,Found,CM2
63.7,4.154184562578117,1978,-79.68333,155.75,Found,H6
49.3,3.8979240810486444,2009,20.66842,55.34008,Found,L6
1000.0,6.907755278982137,2013,0.0,0.0,Found,LL5
4.7,1.547562508716013,1981,-76.68861,159.36389,Found,H4
12.82,2.551006451492524,1979,-71.5,35.66667,Found,L6
660.5,6.49299712396238,2003,19.31028,55.83092,Found,L~6
1932.0,7.566311014772463,2001,18.265,54.33833,Found,L6
20.93,3.0411835364579085,1974,-71.5,35.66667,Found,H4
0.48,-0.7339691750802004,2003,-72.98306,75.22917,Found,H4
2.2,0.7884573603642703,2009,0.0,0.0,Found,CO3
1440.0,7.272398392570047,1928,40.86667,-97.6,Found,L6
430.0,6.063785208687608,1987,-84.21667,160.5,Found,H5
56.65,4.036891987474015,2006,21.22513,58.4116,Found,H5
29.2,3.374168709274236,1978,-76.71667,159.66667,Found,H5
24.1,3.1822118404966093,2009,0.0,0.0,Found,L6
1.33,0.28517894223366247,2006,-72.773056,75.339167,Found,H5
10.0,2.302585092994046,1993,-84.0,168.0,Found,H5
49.49,3.901770628963795,1979,-71.5,35.66667,Found,L6
15.9,2.766319109226186,1987,-84.27269,161.7146,Found,H5
20.24,3.0076608444192647,2000,-79.68333,155.75,Found,L6
0.81,-0.21072103131565253,2003,-72.776389,75.348056,Found,H4
515.0,6.244166900663736,1995,28.62,13.36183,Found,H4
4300000.0,15.27412558066379,1882,37.5825,-99.16361,Found,"Pallasite, PMG-an"
102.0,4.624972813284271,1993,-84.0,168.0,Found,L5
264.0,5.575949103146316,2012,0.0,0.0,Found,LL4
8.45,2.134166441369082,1974,-71.5,35.66667,Found,H5
282.0,5.641907070938114,2011,-24.85,-70.53333,Found,H5
41.4,3.7232808808312687,2000,27.3695,16.24017,Found,L6
5.73,1.7457155307266483,1974,-71.5,35.66667,Found,H5
533.0,6.278521424165844,2000,28.99533,12.98317,Found,H5
135.0,4.90527477843843,1997,27.06967,16.1675,Found,LL5-6
10.2,2.322387720290225,2000,-79.68333,159.75,Found,H4
2.15,0.7654678421395714,1979,-71.5,35.66667,Found,E3
14.7,2.6878474937846906,1997,-84.0,168.0,Found,LL5
1740.0,7.461640392208575,2011,0.0,0.0,Found,H3.4
63.6,4.152613470346076,1990,-76.28271,156.47054,Found,L6
2150.0,7.673223121121708,1940,43.8,-117.0,Found,Iron
1.27,0.23901690047049992,2003,-72.98389,75.24639,Found,L5 
76.0,4.330733340286331,1996,27.14967,16.21,Found,H6
47.8,3.86702563949741,2001,-79.68333,159.75,Found,H5
13.8,2.624668592163159,1997,-84.0,168.0,Found,LL5
8.02,2.081938421878423,2003,-72.9775,75.26306,Found,H3
18.8,2.9338568698359038,1997,-84.0,168.0,Found,LL5
0.5,-0.6931471805599453,1992,-76.08193,156.02126,Found,LL6
142.8,4.9614450499054845,1983,-76.285,157.28889,Found,H5
0.66,-0.4155154439616658,2003,-72.7844,75.3094,Found,CR2
0.94,-0.06187540371808753,1979,-71.5,35.66667,Found,E3
25.7,3.246490991901174,2010,0.0,0.0,Found,H5
6.6,1.8870696490323797,1993,-84.0,168.0,Found,L5
3130.0,8.048788283534199,1989,27.66667,4.25,Found,H3.8
1.01,0.009950330853168092,1986,-71.5,35.66667,Found,H4
228.0,5.429345628954441,2010,-25.23333,-69.71667,Found,H4
24.7,3.2068032436339315,2009,0.0,0.0,Found,L5
4.22,1.4398351280479205,2006,-72.93417,75.32,Found,H5
37.6,3.6270040503958487,1991,-85.56546,-68.44305,Found,L6
4.68,1.5432981099295553,1998,0.0,0.0,Found,LL-melt breccia
12.47,2.523325759691945,1977,-76.71667,159.66667,Found,H5
9.7,2.272125885509337,1993,-84.57572,162.56781,Found,L6
6.2,1.824549292051046,1990,-76.26645,156.45669,Found,L6
234.7,5.458308102856978,1979,-71.5,35.66667,Found,L6
3.2,1.1631508098056809,1993,-84.27391,161.68431,Found,H6
30.25,3.4094961844768505,1998,0.0,0.0,Found,H5
7.51,2.0162354657760435,1986,-71.5,35.66667,Found,L4
349.6,5.85678964378138,1987,-76.28562,157.24155,Found,Eucrite-pmict
87.77,4.474719756604026,2003,18.5453,54.02017,Found,L4
44.12,3.786913194385302,1988,-72.0,26.0,Found,H4
2.9,1.0647107369924282,1997,-72.98889,160.40611,Found,H4
456.0,6.1224928095143865,2006,-72.781111,75.305833,Found,L6
1.3,0.26236426446749106,1990,-72.95488,160.47328,Found,H5
0.4,-0.916290731874155,2007,0.0,0.0,Found,H6
3335.0,8.112227958349724,1979,-71.5,35.66667,Found,LL
64.0,4.1588830833596715,2000,26.97483,16.39017,Found,L6
44.7,3.7999735016195233,2010,0.0,0.0,Found,Winonaite
28.3,3.342861804649192,1981,-76.70167,159.40083,Found,L3.5
33.6,3.5145260669691587,1983,-76.71602,158.73123,Found,H5
587.06,6.375127029255301,1988,-72.0,26.0,Found,L6
658.0,6.489204931325317,1988,29.41667,20.5,Found,L6
54600.0,10.907789161732996,1969,53.3,126.11667,Found,"Iron, IIIAB"
5.51,1.706564623164823,1979,-71.5,35.66667,Found,L6
20.3,3.0106208860477417,2008,0.0,0.0,Found,LL6
3.87,1.3532545070416904,1998,0.0,0.0,Found,H4
0.64,-0.4462871026284195,2003,-72.773611,75.344722,Found,H5
72.0,4.276666119016055,1991,27.63861,4.12722,Found,H5
45.7,3.822098297900159,2006,0.0,0.0,Found,CO3
8.1,2.0918640616783932,1997,-84.0,168.0,Found,LL5
31.93,3.4635460067266908,2003,-72.77306,75.33917,Found,L6
2.9,1.0647107369924282,1986,-84.27379,161.69013,Found,H5
205.4,5.324959297494458,2006,0.0,0.0,Found,L5
1.4,0.3364722366212129,2010,0.0,0.0,Found,L6
16.4,2.797281334830153,1986,-71.5,35.66667,Found,H4
3.7,1.308332819650179,1991,-85.68378,-68.82427,Found,Eucrite-br
5.0,1.6094379124341003,1999,29.91667,-5.58333,Found,H4/5
5.41,1.6882490928583902,1974,-71.5,35.66667,Found,H5
29.1,3.370738174177447,2007,0.0,0.0,Found,L4
9.0,2.1972245773362196,1978,-76.71667,159.66667,Found,H6
